metric,subject,unit,district,school,group,year,value,pct_below,pct_notest,avg_score,yoy_change,pct_change,status_flag,gap_reason,tested,population
act,reading,pct,Wauwatosa,East High,All Students,2019-20,0.0,0.0,6.962,22.9,,,,,294.0,316.0
act,reading,pct,Wauwatosa,Vel R Phillips School,[Data Suppressed],2019-20,,,,,,,Suppressed by DPI (whole group redacted) — not zero,fully_suppressed,,
act,reading,pct,Wauwatosa,Wauwatosa Virtual Academy,All Students,2019-20,0.0,0.0,39.1304,21.3,,,,,14.0,23.0
act,reading,pct,Wauwatosa,West High,All Students,2019-20,0.0,0.0,6.0345,19.9,,,,,218.0,232.0
act,reading,pct,Seeds of Health,Tenor High,All Students,2019-20,0.0,0.0,2.1277,19.0,,,,,46.0,47.0
act,reading,pct,Seeds of Health,Veritas High,All Students,2019-20,0.0,0.0,0.0,18.3,,,,,68.0,68.0
act,reading,pct,Shorewood,New Horizons for Learning,[Data Suppressed],2019-20,,,,,,,Suppressed by DPI (whole group redacted) — not zero,fully_suppressed,,
act,reading,pct,Shorewood,Shorewood High,All Students,2019-20,0.0,0.0,3.3557,24.8,,,,,144.0,149.0
act,reading,pct,South Milwaukee,South Milwaukee High,All Students,2019-20,0.0,0.0,11.8321,19.2,,,,,231.0,262.0
act,reading,pct,West Allis-West Milwaukee,Central High,All Students,2019-20,0.0,0.0,7.2398,17.9,,,,,205.0,221.0
act,reading,pct,Whitnall,Whitnall High,All Students,2019-20,0.0,0.0,6.8293,21.2,,,,,191.0,205.0
act,reading,pct,West Allis-West Milwaukee,James E Dottke Project-Based Learning High School,All Students,2019-20,0.0,0.0,26.1905,14.6,,,,,31.0,42.0
act,reading,pct,West Allis-West Milwaukee,Nathan Hale High,All Students,2019-20,0.0,0.0,6.4103,19.5,,,,,292.0,312.0
act,reading,pct,Whitefish Bay,Whitefish Bay High,All Students,2019-20,0.0,0.0,4.5455,26.0,,,,,252.0,264.0
act,reading,pct,Milwaukee,Project STAY-Supporting Teachers and Youth,All Students,2019-20,0.0,0.0,71.2121,14.6,,,,,19.0,66.0
act,reading,pct,Milwaukee,Pulaski High,All Students,2019-20,0.0,0.0,29.3413,13.1,,,,,118.0,167.0
act,reading,pct,Milwaukee,Reagan College Preparatory High,All Students,2019-20,0.0,0.0,2.7397,21.3,,,,,355.0,365.0
act,reading,pct,Milwaukee,Riverside High,All Students,2019-20,0.0,0.0,13.0435,15.2,,,,,280.0,322.0
act,reading,pct,Milwaukee,Shalom High,All Students,2019-20,0.0,0.0,31.8182,12.9,,,,,15.0,22.0
act,reading,pct,Milwaukee,Milwaukee High School of the Arts,All Students,2019-20,0.0,0.0,35.8382,17.7,,,,,111.0,173.0
act,reading,pct,Milwaukee,Milwaukee School of Languages,All Students,2019-20,0.0,0.0,12.3288,17.5,,,,,128.0,146.0
act,reading,pct,Milwaukee,NOVA-Northwest Opportunities Vocational Academy,All Students,2019-20,0.0,0.0,27.2727,10.9,,,,,16.0,22.0
act,reading,pct,Milwaukee,North Division High,All Students,2019-20,0.0,0.0,48.6486,13.9,,,,,19.0,37.0
act,reading,pct,Milwaukee,Obama School of Career and Technical Education,All Students,2019-20,0.0,0.0,29.5775,13.3,,,,,50.0,71.0
act,reading,pct,Saint Francis,Saint Francis High,All Students,2019-20,0.0,0.0,3.5398,17.0,,,,,109.0,113.0
act,reading,pct,Milwaukee Academy of Science,Milwaukee Academy of Science,All Students,2019-20,0.0,0.0,21.6216,16.0,,,,,29.0,37.0
act,reading,pct,Nicolet Union High School,Nicolet High,All Students,2019-20,0.0,0.0,10.3448,23.4,,,,,234.0,261.0
act,reading,pct,Oak Creek-Franklin Joint,Oak Creek High,All Students,2019-20,0.0,0.0,5.4688,19.4,,,,,484.0,512.0
act,reading,pct,Pathways High,Pathways High,All Students,2019-20,0.0,0.0,0.0,17.3,,,,,35.0,35.0
act,reading,pct,Milwaukee,Wisconsin Conservatory of Lifelong Learning,All Students,2019-20,0.0,0.0,34.6154,14.1,,,,,17.0,26.0
act,reading,pct,Milwaukee,South Accelerated Academy,All Students,2019-20,0.0,0.0,57.1429,13.0,,,,,3.0,7.0
act,reading,pct,Milwaukee,South Division High,All Students,2019-20,0.0,0.0,31.1111,12.7,,,,,93.0,135.0
act,reading,pct,Milwaukee,Transition High,All Students,2019-20,0.0,0.0,83.3333,12.8,,,,,5.0,30.0
act,reading,pct,Milwaukee,Vincent Accelerated Academy,All Students,2019-20,0.0,0.0,100.0,,,,,,,14.0
act,reading,pct,Milwaukee,WHS Information Technology,All Students,2019-20,0.0,0.0,38.5321,13.3,,,,,67.0,109.0
act,reading,pct,Brown Deer,Brown Deer Middle/High,All Students,2019-20,0.0,0.0,5.4054,18.8,,,,,105.0,111.0
act,reading,pct,Milwaukee,Groppi High,All Students,2019-20,0.0,0.0,80.7692,12.2,,,,,5.0,26.0
act,reading,pct,Milwaukee,HAPA-Hmong American Peace Academy K3-12,All Students,2019-20,0.0,0.0,2.2727,18.2,,,,,86.0,88.0
act,reading,pct,Milwaukee,Hamilton High,All Students,2019-20,0.0,0.0,18.75,15.2,,,,,182.0,224.0
act,reading,pct,Milwaukee,Grandview High,All Students,2019-20,0.0,0.0,22.2222,12.7,,,,,42.0,54.0
act,reading,pct,Milwaukee,Carmen Middle/High School of Science and Technology Northwest Campus,All Students,2019-20,0.0,0.0,2.3256,15.1,,,,,84.0,86.0
act,reading,pct,Milwaukee,Golda Meir School,All Students,2019-20,0.0,0.0,0.9804,17.6,,,,,101.0,102.0
act,reading,pct,Milwaukee,MacDowell Montessori School K3-12,All Students,2019-20,0.0,0.0,10.4167,14.1,,,,,43.0,48.0
act,reading,pct,Milwaukee,Marshall High,All Students,2019-20,0.0,0.0,44.2922,13.1,,,,,122.0,219.0
act,reading,pct,Milwaukee,Milwaukee Community Cyber High,All Students,2019-20,0.0,0.0,10.0,15.8,,,,,27.0,30.0
act,reading,pct,Milwaukee,Lad Lake Synergy School,[Data Suppressed],2019-20,,,,,,,Suppressed by DPI (whole group redacted) — not zero,fully_suppressed,,
act,reading,pct,Milwaukee,Harold S Vincent School of Agricultural Science,All Students,2019-20,0.0,0.0,41.4062,13.3,,,,,75.0,128.0
act,reading,pct,Milwaukee,James Madison Academic Campus,All Students,2019-20,0.0,0.0,46.7153,13.1,,,,,73.0,137.0
act,reading,pct,Milwaukee,King International,All Students,2019-20,0.0,0.0,6.7568,20.1,,,,,345.0,370.0
act,reading,pct,Milwaukee,Carmen High School of Science and Technology Southeast Campus,All Students,2019-20,0.0,0.0,2.5806,15.8,,,,,151.0,155.0
act,reading,pct,Franklin Public,Milwaukee County Correctional Facility South,[Data Suppressed],2019-20,,,,,,,Suppressed by DPI (whole group redacted) — not zero,fully_suppressed,,
act,reading,pct,Greendale,Greendale High,All Students,2019-20,0.0,0.0,3.3493,22.1,,,,,202.0,209.0
act,reading,pct,Greenfield,Greenfield High,All Students,2019-20,0.0,0.0,6.3158,17.8,,,,,267.0,285.0
act,reading,pct,Franklin Public,Franklin High,All Students,2019-20,0.0,0.0,3.3079,22.2,,,,,380.0,393.0
act,reading,pct,Escuela Verde,Escuela Verde,All Students,2019-20,0.0,0.0,6.6667,15.4,,,,,28.0,30.0
act,reading,pct,Cudahy,Cudahy High,All Students,2019-20,0.0,0.0,5.4945,17.4,,,,,172.0,182.0
act,reading,pct,Dr. Howard Fuller Collegiate Academy,Dr Howard Fuller Collegiate Academy,All Students,2019-20,0.0,0.0,12.2807,15.3,,,,,50.0,57.0
act,reading,pct,Milwaukee,Banner Preparatory School of Milwaukee,[Data Suppressed],2019-20,,,,,,,Suppressed by DPI (whole group redacted) — not zero,fully_suppressed,,
act,reading,pct,Milwaukee,ASSATA High,All Students,2019-20,0.0,0.0,47.3684,14.1,,,,,10.0,19.0
act,reading,pct,Milwaukee,Bradley Technology High,All Students,2019-20,0.0,0.0,21.6049,14.6,,,,,127.0,162.0
act,reading,pct,Milwaukee,Bay View High,All Students,2019-20,0.0,0.0,16.0584,14.9,,,,,115.0,137.0
act,reading,pct,Milwaukee,Carmen High School of Science and Technology South Campus,All Students,2019-20,0.0,0.0,3.0612,19.2,,,,,95.0,98.0
act,reading,pct,Milwaukee,Audubon Technology and Communication High,All Students,2019-20,0.0,0.0,20.2381,15.9,,,,,67.0,84.0
act,reading,pct,Milwaukee,Alliance School of Milwaukee,All Students,2019-20,0.0,0.0,61.5385,16.3,,,,,10.0,26.0
act,reading,pct,Whitnall,Whitnall High,All Students,2020-21,0.0,0.0,6.6327,19.1,0.0,,,,183.0,196.0
act,reading,pct,Whitefish Bay,Whitefish Bay High,All Students,2020-21,0.0,0.0,6.6667,23.0,0.0,,,,224.0,240.0
act,reading,pct,West Allis-West Milwaukee,Nathan Hale High,All Students,2020-21,0.0,0.0,8.254,17.5,0.0,,,,289.0,315.0
act,reading,pct,West Allis-West Milwaukee,James E Dottke Project-Based Learning High School,All Students,2020-21,0.0,0.0,40.7407,14.8,0.0,,,,16.0,27.0
act,reading,pct,West Allis-West Milwaukee,Central High,All Students,2020-21,0.0,0.0,18.7023,16.3,0.0,,,,213.0,262.0
act,reading,pct,Pathways High,Pathways High,All Students,2020-21,0.0,0.0,19.3548,17.6,0.0,,,,25.0,31.0
act,reading,pct,Oak Creek-Franklin Joint,Oak Creek High,All Students,2020-21,0.0,0.0,3.4615,20.1,0.0,,,,502.0,520.0
act,reading,pct,Nicolet Union High School,Nicolet High,All Students,2020-21,0.0,0.0,2.9412,21.4,0.0,,,,264.0,272.0
act,reading,pct,Saint Francis,Saint Francis High,All Students,2020-21,0.0,0.0,3.1496,17.0,0.0,,,,123.0,127.0
act,reading,pct,Milwaukee Academy of Science,Milwaukee Academy of Science,All Students,2020-21,0.0,0.0,8.1967,14.4,0.0,,,,56.0,61.0
act,reading,pct,Milwaukee,Wisconsin Conservatory of Lifelong Learning,All Students,2020-21,0.0,0.0,65.5172,12.8,0.0,,,,10.0,29.0
act,reading,pct,Milwaukee,WHS Information Technology,All Students,2020-21,0.0,0.0,79.3651,11.8,0.0,,,,26.0,126.0
act,reading,pct,Milwaukee,Vincent Accelerated Academy,All Students,2020-21,0.0,0.0,100.0,,0.0,,,,,16.0
act,reading,pct,Milwaukee,Transition High,All Students,2020-21,0.0,0.0,100.0,,0.0,,,,,12.0
act,reading,pct,Seeds of Health,Tenor High,All Students,2020-21,0.0,0.0,5.8252,16.8,0.0,,,,97.0,103.0
act,reading,pct,Seeds of Health,Veritas High,All Students,2020-21,0.0,0.0,1.5152,17.1,0.0,,,,65.0,66.0
act,reading,pct,Wauwatosa,West High,All Students,2020-21,0.0,0.0,4.8327,19.9,0.0,,,,256.0,269.0
act,reading,pct,Wauwatosa,Wauwatosa Virtual Academy,All Students,2020-21,0.0,0.0,36.0,16.4,0.0,,,,16.0,25.0
act,reading,pct,Wauwatosa,East High,All Students,2020-21,0.0,0.0,8.8136,22.5,0.0,,,,269.0,295.0
act,reading,pct,South Milwaukee,South Milwaukee High,All Students,2020-21,0.0,0.0,13.8889,18.3,0.0,,,,217.0,252.0
act,reading,pct,Shorewood,Shorewood High,All Students,2020-21,0.0,0.0,4.0268,23.9,0.0,,,,143.0,149.0
act,reading,pct,Shorewood,New Horizons for Learning,All Students,2020-21,0.0,0.0,42.8571,17.8,,,,,4.0,7.0
act,reading,pct,Milwaukee,South Division High,All Students,2020-21,0.0,0.0,90.7143,14.2,0.0,,,,13.0,140.0
act,reading,pct,Milwaukee,South Accelerated Academy,[Data Suppressed],2020-21,,,,,,,Suppressed by DPI (whole group redacted) — not zero,fully_suppressed,,
act,reading,pct,Milwaukee,Shalom High,All Students,2020-21,0.0,0.0,84.6154,15.8,0.0,,,,4.0,26.0
act,reading,pct,Milwaukee,MacDowell Montessori School K3-12,All Students,2020-21,0.0,0.0,40.9836,13.8,0.0,,,,36.0,61.0
act,reading,pct,Milwaukee,Lad Lake Synergy School,All Students,2020-21,0.0,0.0,40.0,14.3,,,,,6.0,10.0
act,reading,pct,Milwaukee,King International,All Students,2020-21,0.0,0.0,24.0331,20.7,0.0,,,,275.0,362.0
act,reading,pct,Milwaukee,James Madison Academic Campus,All Students,2020-21,0.0,0.0,69.2771,13.3,0.0,,,,51.0,166.0
act,reading,pct,Milwaukee,Harold S Vincent School of Agricultural Science,All Students,2020-21,0.0,0.0,84.0909,14.2,0.0,,,,21.0,132.0
act,reading,pct,Milwaukee,Hamilton High,All Students,2020-21,0.0,0.0,74.3772,14.1,0.0,,,,72.0,281.0
act,reading,pct,Milwaukee,HAPA-Hmong American Peace Academy K3-12,All Students,2020-21,0.0,0.0,7.2289,18.3,0.0,,,,77.0,83.0
act,reading,pct,Milwaukee,Marshall High,All Students,2020-21,0.0,0.0,84.2657,12.9,0.0,,,,45.0,286.0
act,reading,pct,Milwaukee,Riverside High,All Students,2020-21,0.0,0.0,70.2381,16.2,0.0,,,,100.0,336.0
act,reading,pct,Milwaukee,Reagan College Preparatory High,All Students,2020-21,0.0,0.0,30.4734,22.7,0.0,,,,235.0,338.0
act,reading,pct,Milwaukee,Pulaski High,All Students,2020-21,0.0,0.0,68.4211,14.0,0.0,,,,66.0,209.0
act,reading,pct,Milwaukee,Project STAY-Supporting Teachers and Youth,All Students,2020-21,0.0,0.0,96.0784,16.0,0.0,,,,2.0,51.0
act,reading,pct,Milwaukee,Obama School of Career and Technical Education,All Students,2020-21,0.0,0.0,93.6842,14.7,0.0,,,,6.0,95.0
act,reading,pct,Milwaukee,North Division High,All Students,2020-21,0.0,0.0,76.9231,14.4,0.0,,,,18.0,78.0
act,reading,pct,Milwaukee,NOVA-Northwest Opportunities Vocational Academy,All Students,2020-21,0.0,0.0,89.4737,17.0,0.0,,,,2.0,19.0
act,reading,pct,Milwaukee,Milwaukee School of Languages,All Students,2020-21,0.0,0.0,34.965,18.5,0.0,,,,93.0,143.0
act,reading,pct,Milwaukee,Milwaukee High School of the Arts,All Students,2020-21,0.0,0.0,60.1695,16.4,0.0,,,,94.0,236.0
act,reading,pct,Milwaukee,Milwaukee County Youth Education Center,[Data Suppressed],2020-21,,,,,,,Suppressed by DPI (whole group redacted) — not zero,fully_suppressed,,
act,reading,pct,Milwaukee,Groppi High,All Students,2020-21,0.0,0.0,97.0588,13.0,0.0,,,,1.0,34.0
act,reading,pct,Franklin Public,Milwaukee County Correctional Facility South,[Data Suppressed],2020-21,,,,,,,Suppressed by DPI (whole group redacted) — not zero,fully_suppressed,,
act,reading,pct,Franklin Public,Franklin High,All Students,2020-21,0.0,0.0,0.7732,22.0,0.0,,,,385.0,388.0
act,reading,pct,Escuela Verde,Escuela Verde,All Students,2020-21,0.0,0.0,52.0,15.2,0.0,,,,12.0,25.0
act,reading,pct,Greendale,Greendale High,All Students,2020-21,0.0,0.0,4.661,20.8,0.0,,,,225.0,236.0
act,reading,pct,Dr. Howard Fuller Collegiate Academy,Dr Howard Fuller Collegiate Academy,All Students,2020-21,0.0,0.0,10.9589,12.3,0.0,,,,65.0,73.0
act,reading,pct,Cudahy,Cudahy High,All Students,2020-21,0.0,0.0,5.1613,16.8,0.0,,,,147.0,155.0
act,reading,pct,Brown Deer,Brown Deer Middle/High,All Students,2020-21,0.0,0.0,8.8496,17.4,0.0,,,,103.0,113.0
act,reading,pct,Greenfield,Greenfield High,All Students,2020-21,0.0,0.0,5.3435,18.7,0.0,,,,248.0,262.0
act,reading,pct,Milwaukee,ASSATA High,All Students,2020-21,0.0,0.0,70.5882,14.3,0.0,,,,10.0,34.0
act,reading,pct,Milwaukee,Alliance School of Milwaukee,All Students,2020-21,0.0,0.0,82.1429,14.0,0.0,,,,5.0,28.0
act,reading,pct,Milwaukee,Golda Meir School,All Students,2020-21,0.0,0.0,14.3885,19.6,0.0,,,,119.0,139.0
act,reading,pct,Milwaukee,Carmen Middle/High School of Science and Technology Northwest Campus,All Students,2020-21,0.0,0.0,29.2929,14.1,0.0,,,,70.0,99.0
act,reading,pct,Milwaukee,Carmen High School of Science and Technology Southeast Campus,All Students,2020-21,0.0,0.0,26.8421,14.9,0.0,,,,139.0,190.0
act,reading,pct,Milwaukee,Carmen High School of Science and Technology South Campus,All Students,2020-21,0.0,0.0,4.4444,17.0,0.0,,,,86.0,90.0
act,reading,pct,Milwaukee,Bradley Technology High,All Students,2020-21,0.0,0.0,65.8879,13.8,0.0,,,,73.0,214.0
act,reading,pct,Milwaukee,Bay View High,All Students,2020-21,0.0,0.0,74.0196,14.4,0.0,,,,53.0,204.0
act,reading,pct,Milwaukee,Banner Preparatory School of Milwaukee,All Students,2020-21,0.0,0.0,53.8462,13.3,,,,,6.0,13.0
act,reading,pct,Milwaukee,Audubon Technology and Communication High,All Students,2020-21,0.0,0.0,35.0649,15.6,0.0,,,,50.0,77.0
act,reading,pct,Milwaukee,Grandview High,All Students,2020-21,0.0,0.0,57.7778,13.7,0.0,,,,19.0,45.0
act,reading,pct,Milwaukee,Golda Meir School,All Students,2021-22,0.0,0.0,3.125,21.2,0.0,,,,124.0,128.0
act,reading,pct,Milwaukee,Carmen Middle/High School of Science and Technology Northwest Campus,All Students,2021-22,0.0,0.0,1.5873,14.4,0.0,,,,62.0,63.0
act,reading,pct,Milwaukee,Grandview High,All Students,2021-22,0.0,0.0,26.8293,14.3,0.0,,,,30.0,41.0
act,reading,pct,Milwaukee,Groppi High,All Students,2021-22,0.0,0.0,85.0,12.3,0.0,,,,3.0,20.0
act,reading,pct,Milwaukee,Green Tree Preparatory Academy,All Students,2021-22,0.0,0.0,12.5,13.4,,,,,14.0,16.0
act,reading,pct,Milwaukee,HAPA-Hmong American Peace Academy K3-12,All Students,2021-22,0.0,0.0,1.1494,16.7,0.0,,,,86.0,87.0
act,reading,pct,Milwaukee,Bradley Technology High,All Students,2021-22,0.0,0.0,27.6836,14.2,0.0,,,,128.0,177.0
act,reading,pct,Greenfield,Greenfield High,All Students,2021-22,0.0,0.0,4.3796,18.4,0.0,,,,262.0,274.0
act,reading,pct,Greendale,Greendale High,All Students,2021-22,0.0,0.0,2.1739,20.5,0.0,,,,225.0,230.0
act,reading,pct,Milwaukee,Carmen High School of Science and Technology Southeast Campus,All Students,2021-22,0.0,0.0,5.7803,14.2,0.0,,,,163.0,173.0
act,reading,pct,Milwaukee,Carmen High School of Science and Technology South Campus,All Students,2021-22,0.0,0.0,2.3529,17.8,0.0,,,,83.0,85.0
act,reading,pct,Milwaukee,Bay View High,All Students,2021-22,0.0,0.0,15.2941,14.8,0.0,,,,144.0,170.0
act,reading,pct,Milwaukee,Banner Preparatory School of Milwaukee,[Data Suppressed],2021-22,,,,,,,Suppressed by DPI (whole group redacted) — not zero,fully_suppressed,,
act,reading,pct,Milwaukee,Audubon Technology and Communication High,All Students,2021-22,0.0,0.0,10.6667,14.9,0.0,,,,67.0,75.0
act,reading,pct,Milwaukee,Alliance School of Milwaukee,All Students,2021-22,0.0,0.0,53.3333,15.0,0.0,,,,14.0,30.0
act,reading,pct,Milwaukee,ASSATA High,All Students,2021-22,0.0,0.0,77.7778,10.5,0.0,,,,2.0,9.0
act,reading,pct,Milwaukee,Hamilton High,All Students,2021-22,0.0,0.0,38.9831,14.5,0.0,,,,144.0,236.0
act,reading,pct,Milwaukee,Project STAY-Supporting Teachers and Youth,All Students,2021-22,0.0,0.0,78.125,14.4,0.0,,,,7.0,32.0
act,reading,pct,Milwaukee,Obama School of Career and Technical Education,All Students,2021-22,0.0,0.0,72.1591,12.6,0.0,,,,49.0,176.0
act,reading,pct,Milwaukee,North Division High,All Students,2021-22,0.0,0.0,58.0,12.8,0.0,,,,21.0,50.0
act,reading,pct,Milwaukee,NOVA-Northwest Opportunities Vocational Academy,All Students,2021-22,0.0,0.0,45.1613,11.3,0.0,,,,17.0,31.0
act,reading,pct,Milwaukee,Milwaukee School of Languages,All Students,2021-22,0.0,0.0,4.6729,19.1,0.0,,,,102.0,107.0
act,reading,pct,Milwaukee,Pulaski High,All Students,2021-22,0.0,0.0,37.037,13.4,0.0,,,,102.0,162.0
act,reading,pct,Milwaukee,Riverside High,All Students,2021-22,0.0,0.0,14.7766,15.4,0.0,,,,248.0,291.0
act,reading,pct,Milwaukee,Wisconsin Conservatory of Lifelong Learning,All Students,2021-22,0.0,0.0,40.0,13.2,0.0,,,,18.0,30.0
act,reading,pct,Milwaukee,WHS Information Technology,All Students,2021-22,0.0,0.0,46.6667,12.0,0.0,,,,32.0,60.0
act,reading,pct,Milwaukee,Vincent Accelerated Academy,[Data Suppressed],2021-22,,,,,,,Suppressed by DPI (whole group redacted) — not zero,fully_suppressed,,
act,reading,pct,Milwaukee,Transition High,All Students,2021-22,0.0,0.0,96.1538,11.0,0.0,,,,1.0,26.0
act,reading,pct,Milwaukee,South Division High,All Students,2021-22,0.0,0.0,27.7311,13.1,0.0,,,,86.0,119.0
act,reading,pct,Milwaukee,South Accelerated Academy,[Data Suppressed],2021-22,,,,,,,Suppressed by DPI (whole group redacted) — not zero,fully_suppressed,,
act,reading,pct,Milwaukee,Shalom High,All Students,2021-22,0.0,0.0,69.2308,13.8,0.0,,,,8.0,26.0
act,reading,pct,Milwaukee,Lad Lake Synergy School,[Data Suppressed],2021-22,,,,,,,Suppressed by DPI (whole group redacted) — not zero,fully_suppressed,,
act,reading,pct,Milwaukee,King International,All Students,2021-22,0.0,0.0,10.1504,20.3,0.0,,,,239.0,266.0
act,reading,pct,Milwaukee,James Madison Academic Campus,All Students,2021-22,0.0,0.0,53.1532,13.5,0.0,,,,52.0,111.0
act,reading,pct,Milwaukee,Harold S Vincent School of Agricultural Science,All Students,2021-22,0.0,0.0,27.0,13.9,0.0,,,,73.0,100.0
act,reading,pct,Milwaukee,Milwaukee High School of the Arts,All Students,2021-22,0.0,0.0,9.9526,16.0,0.0,,,,190.0,211.0
act,reading,pct,Milwaukee,Milwaukee Excellence Charter School,All Students,2021-22,0.0,0.0,1.4706,13.7,,,,,67.0,68.0
act,reading,pct,Milwaukee,Marshall High,All Students,2021-22,0.0,0.0,60.2151,12.8,0.0,,,,74.0,186.0
act,reading,pct,Milwaukee,MacDowell Montessori School K3-12,All Students,2021-22,0.0,0.0,12.1951,14.4,0.0,,,,36.0,41.0
act,reading,pct,Escuela Verde,Escuela Verde,All Students,2021-22,0.0,0.0,17.8571,13.1,0.0,,,,23.0,28.0
act,reading,pct,Dr. Howard Fuller Collegiate Academy,Dr Howard Fuller Collegiate Academy,All Students,2021-22,0.0,0.0,7.8125,13.8,0.0,,,,59.0,64.0
act,reading,pct,Cudahy,Cudahy High,All Students,2021-22,0.0,0.0,4.6512,17.2,0.0,,,,123.0,129.0
act,reading,pct,Central City Cyberschool of Milwaukee,Central City Cyberschool,All Students,2021-22,0.0,0.0,5.8824,13.7,,,,,16.0,17.0
act,reading,pct,Brown Deer,Brown Deer Middle/High,All Students,2021-22,0.0,0.0,0.0,17.5,0.0,,,,115.0,115.0
act,reading,pct,Franklin Public,Franklin High,All Students,2021-22,0.0,0.0,1.3736,21.4,0.0,,,,359.0,364.0
act,reading,pct,Milwaukee,Reagan College Preparatory High,All Students,2021-22,0.0,0.0,0.6494,22.6,0.0,,,,306.0,308.0
act,reading,pct,Milwaukee Academy of Science,Milwaukee Academy of Science,All Students,2021-22,0.0,0.0,1.3699,13.6,0.0,,,,72.0,73.0
act,reading,pct,West Allis-West Milwaukee,Deeper Learning Virtual Academy,All Students,2021-22,0.0,0.0,35.7143,19.4,,,,,9.0,14.0
act,reading,pct,West Allis-West Milwaukee,Central High,All Students,2021-22,0.0,0.0,7.1749,17.4,0.0,,,,207.0,223.0
act,reading,pct,Wauwatosa,West High,All Students,2021-22,0.0,0.0,8.5837,20.8,0.0,,,,213.0,233.0
act,reading,pct,West Allis-West Milwaukee,James E Dottke Project-Based Learning High School,All Students,2021-22,0.0,0.0,5.5556,16.4,0.0,,,,17.0,18.0
act,reading,pct,Whitnall,Whitnall High,All Students,2021-22,0.0,0.0,4.8309,20.5,0.0,,,,197.0,207.0
act,reading,pct,Whitefish Bay,Whitefish Bay High,All Students,2021-22,0.0,0.0,3.8298,25.3,0.0,,,,226.0,235.0
act,reading,pct,West Allis-West Milwaukee,Nathan Hale High,All Students,2021-22,0.0,0.0,5.4745,18.1,0.0,,,,259.0,274.0
act,reading,pct,Wauwatosa,Wauwatosa Virtual Academy,All Students,2021-22,0.0,0.0,23.8095,15.9,0.0,,,,16.0,21.0
act,reading,pct,Seeds of Health,Tenor High,All Students,2021-22,0.0,0.0,0.0,17.3,0.0,,,,61.0,61.0
act,reading,pct,Saint Francis,Saint Francis High,All Students,2021-22,0.0,0.0,8.3333,16.4,0.0,,,,99.0,108.0
act,reading,pct,Pathways High,Pathways High,All Students,2021-22,0.0,0.0,0.0,20.3,0.0,,,,26.0,26.0
act,reading,pct,Oak Creek-Franklin Joint,Oak Creek High,All Students,2021-22,0.0,0.0,4.3825,19.2,0.0,,,,480.0,502.0
act,reading,pct,Nicolet Union High School,Nicolet High,All Students,2021-22,0.0,0.0,3.663,22.0,0.0,,,,263.0,273.0
act,reading,pct,Wauwatosa,Vel R Phillips School,All Students,2021-22,0.0,0.0,0.0,12.8,,,,,6.0,6.0
act,reading,pct,Wauwatosa,East High,All Students,2021-22,0.0,0.0,5.0,21.9,0.0,,,,247.0,260.0
act,reading,pct,South Milwaukee,South Milwaukee High,All Students,2021-22,0.0,0.0,16.087,17.7,0.0,,,,193.0,230.0
act,reading,pct,Shorewood,Shorewood High,All Students,2021-22,0.0,0.0,2.5641,23.7,0.0,,,,152.0,156.0
act,reading,pct,Shorewood,New Horizons for Learning,All Students,2021-22,0.0,0.0,33.3333,17.2,0.0,,,,4.0,6.0
act,reading,pct,Seeds of Health,Veritas High,All Students,2021-22,0.0,0.0,1.8182,18.3,0.0,,,,54.0,55.0
act,reading,pct,Milwaukee,Carmen High School of Science and Technology Southeast Campus,All Students,2022-23,0.0,0.0,5.7803,14.5,0.0,,,,163.0,173.0
act,reading,pct,Milwaukee,Carmen High School of Science and Technology South Campus,All Students,2022-23,0.0,0.0,1.0526,16.6,0.0,,,,94.0,95.0
act,reading,pct,Milwaukee,Bradley Technology High,All Students,2022-23,0.0,0.0,5.4422,14.4,0.0,,,,139.0,147.0
act,reading,pct,Milwaukee,Bay View High,All Students,2022-23,0.0,0.0,9.0909,14.2,0.0,,,,130.0,143.0
act,reading,pct,Milwaukee,Banner Preparatory School of Milwaukee,All Students,2022-23,0.0,0.0,83.3333,12.5,0.0,,,,2.0,12.0
act,reading,pct,Milwaukee,Audubon Technology and Communication High,All Students,2022-23,0.0,0.0,6.3158,15.9,0.0,,,,89.0,95.0
act,reading,pct,Milwaukee,Alliance School of Milwaukee,All Students,2022-23,0.0,0.0,38.4615,17.1,0.0,,,,16.0,26.0
act,reading,pct,Milwaukee,ASSATA High,All Students,2022-23,0.0,0.0,52.0,11.5,0.0,,,,12.0,25.0
act,reading,pct,Greenfield,Greenfield High,All Students,2022-23,0.0,0.0,4.5627,18.7,0.0,,,,251.0,263.0
act,reading,pct,Milwaukee,Carmen Middle/High School of Science and Technology Northwest Campus,All Students,2022-23,0.0,0.0,12.1951,14.3,0.0,,,,72.0,82.0
act,reading,pct,Greendale,Greendale High,All Students,2022-23,0.0,0.0,1.7391,21.1,0.0,,,,226.0,230.0
act,reading,pct,Milwaukee,Golda Meir School,All Students,2022-23,0.0,0.0,1.4085,21.1,0.0,,,,140.0,142.0
act,reading,pct,Milwaukee,Green Tree Preparatory Academy,All Students,2022-23,0.0,0.0,30.0,13.7,0.0,,,,14.0,20.0
act,reading,pct,Milwaukee,North Division High,All Students,2022-23,0.0,0.0,55.3571,12.0,0.0,,,,25.0,56.0
act,reading,pct,Milwaukee,NOVA-Northwest Opportunities Vocational Academy,All Students,2022-23,0.0,0.0,22.7273,11.8,0.0,,,,17.0,22.0
act,reading,pct,Milwaukee,Milwaukee School of Languages,All Students,2022-23,0.0,0.0,9.8214,19.1,0.0,,,,101.0,112.0
act,reading,pct,Milwaukee,Milwaukee High School of the Arts,All Students,2022-23,0.0,0.0,10.3627,16.3,0.0,,,,173.0,193.0
act,reading,pct,Milwaukee,Milwaukee Excellence Charter School,All Students,2022-23,0.0,0.0,14.0351,13.9,0.0,,,,49.0,57.0
act,reading,pct,Milwaukee,Milwaukee County Youth Education Center,[Data Suppressed],2022-23,,,,,,,Suppressed by DPI (whole group redacted) — not zero,fully_suppressed,,
act,reading,pct,Milwaukee,Marshall High,All Students,2022-23,0.0,0.0,39.2593,13.6,0.0,,,,82.0,135.0
act,reading,pct,Milwaukee,MacDowell Montessori School K3-12,All Students,2022-23,0.0,0.0,4.6512,14.6,0.0,,,,41.0,43.0
act,reading,pct,Milwaukee,Lad Lake Synergy School,[Data Suppressed],2022-23,,,,,,,Suppressed by DPI (whole group redacted) — not zero,fully_suppressed,,
act,reading,pct,Milwaukee,King International,All Students,2022-23,0.0,0.0,9.0062,19.4,0.0,,,,293.0,322.0
act,reading,pct,Milwaukee,James Madison Academic Campus,All Students,2022-23,0.0,0.0,35.9551,14.0,0.0,,,,57.0,89.0
act,reading,pct,Milwaukee,Harold S Vincent School of Agricultural Science,All Students,2022-23,0.0,0.0,26.25,13.7,0.0,,,,59.0,80.0
act,reading,pct,Milwaukee,Hamilton High,All Students,2022-23,0.0,0.0,30.1255,14.4,0.0,,,,167.0,239.0
act,reading,pct,Milwaukee,HAPA-Hmong American Peace Academy K3-12,All Students,2022-23,0.0,0.0,2.8037,18.4,0.0,,,,104.0,107.0
act,reading,pct,Milwaukee,Groppi High,All Students,2022-23,0.0,0.0,100.0,,0.0,,,,,16.0
act,reading,pct,Milwaukee,Grandview High,All Students,2022-23,0.0,0.0,23.8806,13.1,0.0,,,,51.0,67.0
act,reading,pct,Franklin Public,Franklin High,All Students,2022-23,0.0,0.0,1.8767,21.9,0.0,,,,366.0,373.0
act,reading,pct,Dr. Howard Fuller Collegiate Academy,Dr Howard Fuller Collegiate Academy,All Students,2022-23,0.0,0.0,8.3333,15.1,0.0,,,,44.0,48.0
act,reading,pct,Cudahy,Cudahy High,All Students,2022-23,0.0,0.0,5.0955,16.3,0.0,,,,149.0,157.0
act,reading,pct,Central City Cyberschool of Milwaukee,Central City Cyberschool,All Students,2022-23,0.0,0.0,10.0,12.6,0.0,,,,9.0,10.0
act,reading,pct,Brown Deer,Brown Deer Middle/High,All Students,2022-23,0.0,0.0,2.0979,17.8,0.0,,,,140.0,143.0
act,reading,pct,Milwaukee,Obama School of Career and Technical Education,All Students,2022-23,0.0,0.0,59.7222,14.5,0.0,,,,58.0,144.0
act,reading,pct,Milwaukee,Project STAY-Supporting Teachers and Youth,All Students,2022-23,0.0,0.0,75.6757,11.7,0.0,,,,9.0,37.0
act,reading,pct,Whitnall,Whitnall High,All Students,2022-23,0.0,0.0,3.125,20.5,0.0,,,,186.0,192.0
act,reading,pct,Pathways High,Pathways High,All Students,2022-23,0.0,0.0,4.3478,16.4,0.0,,,,22.0,23.0
act,reading,pct,Oak Creek-Franklin Joint,Oak Creek High,All Students,2022-23,0.0,0.0,3.663,19.4,0.0,,,,526.0,546.0
act,reading,pct,Nicolet Union High School,Nicolet High,All Students,2022-23,0.0,0.0,6.2257,22.1,0.0,,,,241.0,257.0
act,reading,pct,Milwaukee Science Education Consortium,Milwaukee Academy of Science,All Students,2022-23,0.0,0.0,1.6949,13.8,,,,,58.0,59.0
act,reading,pct,Milwaukee,Wisconsin Conservatory of Lifelong Learning,All Students,2022-23,0.0,0.0,16.129,13.5,0.0,,,,26.0,31.0
act,reading,pct,Milwaukee,WHS Information Technology,All Students,2022-23,0.0,0.0,33.3333,12.4,0.0,,,,42.0,63.0
act,reading,pct,Milwaukee,Vincent Accelerated Academy,All Students,2022-23,0.0,0.0,77.7778,11.5,0.0,,,,4.0,18.0
act,reading,pct,Milwaukee,Transition High,All Students,2022-23,0.0,0.0,91.6667,9.0,0.0,,,,1.0,12.0
act,reading,pct,Milwaukee,South Division High,All Students,2022-23,0.0,0.0,18.797,13.1,0.0,,,,108.0,133.0
act,reading,pct,Milwaukee,South Accelerated Academy,All Students,2022-23,0.0,0.0,77.7778,14.5,0.0,,,,2.0,9.0
act,reading,pct,Milwaukee,Shalom High,All Students,2022-23,0.0,0.0,43.75,11.1,0.0,,,,18.0,32.0
act,reading,pct,Milwaukee,Riverside High,All Students,2022-23,0.0,0.0,11.1111,15.7,0.0,,,,176.0,198.0
act,reading,pct,Milwaukee,Reagan College Preparatory High,All Students,2022-23,0.0,0.0,0.6515,21.6,0.0,,,,305.0,307.0
act,reading,pct,Saint Francis,Saint Francis High,All Students,2022-23,0.0,0.0,0.0,17.7,0.0,,,,140.0,140.0
act,reading,pct,Seeds of Health,Tenor High,All Students,2022-23,0.0,0.0,2.8037,16.0,0.0,,,,104.0,107.0
act,reading,pct,Seeds of Health,Veritas High,All Students,2022-23,0.0,0.0,0.0,16.6,0.0,,,,51.0,51.0
act,reading,pct,Whitefish Bay,Whitefish Bay High,All Students,2022-23,0.0,0.0,3.139,24.5,0.0,,,,216.0,223.0
act,reading,pct,West Allis-West Milwaukee,Nathan Hale High,All Students,2022-23,0.0,0.0,4.2403,17.4,0.0,,,,271.0,283.0
act,reading,pct,West Allis-West Milwaukee,James E Dottke Project-Based Learning High School,All Students,2022-23,0.0,0.0,10.0,16.7,0.0,,,,27.0,30.0
act,reading,pct,West Allis-West Milwaukee,Deeper Learning Virtual Academy,All Students,2022-23,0.0,0.0,60.0,14.2,0.0,,,,6.0,15.0
act,reading,pct,West Allis-West Milwaukee,Central High,All Students,2022-23,0.0,0.0,9.7872,17.2,0.0,,,,212.0,235.0
act,reading,pct,Milwaukee,Pulaski High,All Students,2022-23,0.0,0.0,27.6243,14.0,0.0,,,,131.0,181.0
act,reading,pct,Wauwatosa,Wauwatosa Virtual Academy,All Students,2022-23,0.0,0.0,23.0769,19.0,0.0,,,,20.0,26.0
act,reading,pct,Wauwatosa,East High,All Students,2022-23,0.0,0.0,0.8475,22.2,0.0,,,,234.0,236.0
act,reading,pct,Trans Center for Youth,Escuela Verde,All Students,2022-23,0.0,0.0,20.0,14.9,,,,,20.0,25.0
act,reading,pct,South Milwaukee,South Milwaukee High,All Students,2022-23,0.0,0.0,4.5643,17.2,0.0,,,,230.0,241.0
act,reading,pct,Shorewood,Shorewood High,All Students,2022-23,0.0,0.0,0.6803,24.0,0.0,,,,146.0,147.0
act,reading,pct,Shorewood,New Horizons for Learning,All Students,2022-23,0.0,0.0,0.0,15.7,0.0,,,,6.0,6.0
act,reading,pct,Wauwatosa,West High,All Students,2022-23,0.0,0.0,2.2556,20.7,0.0,,,,260.0,266.0
act,ela,pct,Brown Deer,Brown Deer Middle/High,All Students,2023-24,30.303,29.5455,2.2727,16.8,,,,,129.0,132.0
act,math,pct,Milwaukee,Obama School of Career and Technical Education,All Students,2023-24,1.1561,23.1214,70.5202,13.6,,,,,51.0,173.0
act,math,pct,Milwaukee,North Division High,All Students,2023-24,0.0,63.4615,34.6154,13.3,,,,,34.0,52.0
act,math,pct,Milwaukee,NOVA-Northwest Opportunities Vocational Academy,All Students,2023-24,3.4483,37.931,55.1724,12.8,,,,,13.0,29.0
act,math,pct,Milwaukee,Milwaukee School of Languages,All Students,2023-24,22.1239,46.0177,1.7699,17.1,,,,,111.0,113.0
act,math,pct,Milwaukee,Project STAY-Supporting Teachers and Youth,All Students,2023-24,0.0,23.0769,76.9231,11.0,,,,,6.0,26.0
act,math,pct,Milwaukee,Reagan College Preparatory High,All Students,2023-24,51.1429,15.4286,1.1429,20.5,,,,,346.0,350.0
act,math,pct,Milwaukee,Pulaski High,All Students,2023-24,1.1236,71.9101,16.8539,13.6,,,,,148.0,178.0
act,math,pct,Milwaukee,Milwaukee High School of the Arts,All Students,2023-24,4.2553,73.9362,0.5319,14.4,,,,,187.0,188.0
act,math,pct,Milwaukee,Milwaukee Excellence Charter School,All Students,2023-24,2.9412,76.4706,8.8235,14.4,,,,,31.0,34.0
act,math,pct,Milwaukee,Marshall High,All Students,2023-24,0.0,51.497,41.9162,13.1,,,,,97.0,167.0
act,math,pct,Milwaukee,MacDowell Montessori School K3-12,All Students,2023-24,13.8889,63.8889,0.0,15.2,,,,,36.0,36.0
act,math,pct,Milwaukee,Milwaukee County Youth Education Center,[Data Suppressed],2023-24,,,,,,,Suppressed by DPI (whole group redacted) — not zero,fully_suppressed,,
act,math,pct,Saint Francis,Saint Francis High,All Students,2023-24,26.6187,37.4101,0.7194,17.2,,,,,138.0,139.0
act,math,pct,Pathways High,Pathways High,All Students,2023-24,14.7059,58.8235,2.9412,15.6,,,,,33.0,34.0
act,math,pct,Seeds of Health,Tenor High,All Students,2023-24,14.5161,53.2258,0.8065,15.7,,,,,123.0,124.0
act,math,pct,South Milwaukee,South Milwaukee High,All Students,2023-24,25.2212,43.3628,5.3097,17.1,,,,,214.0,226.0
act,math,pct,Shorewood,Shorewood High,All Students,2023-24,54.5455,18.1818,1.2987,21.1,,,,,152.0,154.0
act,math,pct,Oak Creek-Franklin Joint,Oak Creek High,All Students,2023-24,41.1215,25.0467,6.3551,19.4,,,,,501.0,535.0
act,math,pct,Shorewood,New Horizons for Learning,All Students,2023-24,16.6667,50.0,33.3333,15.2,,,,,4.0,6.0
act,math,pct,Seeds of Health,Veritas High,All Students,2023-24,21.5385,55.3846,0.0,15.8,,,,,65.0,65.0
act,math,pct,Nicolet Union High School,Nicolet High,All Students,2023-24,55.5985,14.6718,7.722,22.2,,,,,239.0,259.0
act,math,pct,Milwaukee,WHS Information Technology,All Students,2023-24,0.0,50.8475,33.8983,13.5,,,,,39.0,59.0
act,math,pct,Milwaukee,Vincent Accelerated Academy,All Students,2023-24,0.0,30.7692,69.2308,11.8,,,,,8.0,26.0
act,math,pct,Milwaukee,Transition High,All Students,2023-24,0.0,0.0,92.8571,16.0,,,,,1.0,14.0
act,math,pct,Milwaukee,South Division High,All Students,2023-24,1.3986,65.035,23.7762,13.7,,,,,109.0,143.0
act,math,pct,Milwaukee,South Accelerated Academy,All Students,2023-24,0.0,38.4615,53.8462,14.2,,,,,6.0,13.0
act,math,pct,Milwaukee,Shalom High,All Students,2023-24,0.0,51.7241,41.3793,13.2,,,,,17.0,29.0
act,math,pct,Milwaukee,Riverside High,All Students,2023-24,6.4356,61.3861,5.9406,14.9,,,,,190.0,202.0
act,math,pct,Milwaukee Science Education Consortium,Milwaukee Academy of Science,All Students,2023-24,11.6883,57.1429,0.0,15.3,,,,,77.0,77.0
act,math,pct,Milwaukee,Wisconsin Conservatory of Lifelong Learning,All Students,2023-24,6.25,68.75,12.5,14.4,,,,,14.0,16.0
act,math,pct,Milwaukee,Bay View High,All Students,2023-24,1.875,75.0,4.375,13.9,,,,,153.0,160.0
act,math,pct,Milwaukee,Banner Preparatory School of Milwaukee,[Data Suppressed],2023-24,,,,,,,Suppressed by DPI (whole group redacted) — not zero,fully_suppressed,,
act,math,pct,Milwaukee,Bradley Technology High,All Students,2023-24,3.6842,65.7895,19.4737,13.8,,,,,153.0,190.0
act,science,pct,Franklin Public,Franklin High,All Students,2023-24,53.9759,18.3133,1.4458,21.3,,,,,409.0,415.0
act,math,pct,Milwaukee,ASSATA High,All Students,2023-24,0.0,52.6316,31.5789,14.0,,,,,13.0,19.0
act,math,pct,Greendale,Greendale High,All Students,2023-24,46.9767,18.1395,1.8605,20.0,,,,,211.0,215.0
act,math,pct,Franklin Public,Franklin High,All Students,2023-24,56.3855,13.253,1.4458,21.3,,,,,409.0,415.0
act,math,pct,Greenfield,Greenfield High,All Students,2023-24,37.5,28.7879,2.2727,18.3,,,,,258.0,264.0
act,math,pct,Milwaukee,Audubon Technology and Communication High,All Students,2023-24,3.8462,74.359,1.2821,14.2,,,,,77.0,78.0
act,math,pct,Milwaukee,Alliance School of Milwaukee,All Students,2023-24,8.6957,43.4783,26.087,15.0,,,,,17.0,23.0
act,math,pct,Milwaukee,Hamilton High,All Students,2023-24,2.8571,52.6531,27.7551,14.2,,,,,177.0,245.0
act,math,pct,Milwaukee,HAPA-Hmong American Peace Academy K3-12,All Students,2023-24,33.3333,28.3333,0.0,17.8,,,,,120.0,120.0
act,math,pct,Milwaukee,Groppi High,All Students,2023-24,0.0,3.3333,96.6667,14.0,,,,,1.0,30.0
act,math,pct,Milwaukee,Green Tree Preparatory Academy,All Students,2023-24,3.9216,74.5098,3.9216,13.4,,,,,49.0,51.0
act,math,pct,Milwaukee,King International,All Students,2023-24,20.3509,41.4035,9.1228,16.8,,,,,259.0,285.0
act,math,pct,Milwaukee,James Madison Academic Campus,All Students,2023-24,1.3333,64.0,25.3333,13.7,,,,,56.0,75.0
act,math,pct,Milwaukee,Harold S Vincent School of Agricultural Science,All Students,2023-24,2.2472,61.7978,21.3483,13.8,,,,,70.0,89.0
act,math,pct,Milwaukee,Grandview High,All Students,2023-24,1.5873,58.7302,12.6984,14.3,,,,,55.0,63.0
act,math,pct,Milwaukee,Golda Meir School,All Students,2023-24,36.9128,24.8322,2.6846,18.8,,,,,145.0,149.0
act,math,pct,Milwaukee,Carmen Middle/High School of Science and Technology Northwest Campus,All Students,2023-24,0.0,76.8116,4.3478,14.1,,,,,66.0,69.0
act,math,pct,Milwaukee,Carmen High School of Science and Technology Southeast Campus,All Students,2023-24,4.3478,63.0435,2.1739,15.1,,,,,135.0,138.0
act,math,pct,Milwaukee,Carmen High School of Science and Technology South Campus,All Students,2023-24,17.9775,51.6854,0.0,16.3,,,,,89.0,89.0
act,math,pct,Dr. Howard Fuller Collegiate Academy,Dr Howard Fuller Collegiate Academy,All Students,2023-24,0.0,77.193,3.5088,14.5,,,,,55.0,57.0
act,reading,pct,Milwaukee,Reagan College Preparatory High,All Students,2023-24,0.0,0.0,1.1429,21.7,0.0,,,,346.0,350.0
act,reading,pct,Milwaukee,Pulaski High,All Students,2023-24,0.0,0.0,17.9775,12.8,0.0,,,,146.0,178.0
act,reading,pct,Milwaukee,Project STAY-Supporting Teachers and Youth,All Students,2023-24,0.0,0.0,76.9231,11.7,0.0,,,,6.0,26.0
act,reading,pct,Milwaukee,Obama School of Career and Technical Education,All Students,2023-24,0.0,0.0,70.5202,13.8,0.0,,,,51.0,173.0
act,reading,pct,Milwaukee,North Division High,All Students,2023-24,0.0,0.0,34.6154,13.4,0.0,,,,34.0,52.0
act,reading,pct,Milwaukee Science Education Consortium,Milwaukee Academy of Science,All Students,2023-24,0.0,0.0,0.0,14.9,0.0,,,,77.0,77.0
act,reading,pct,Milwaukee,Wisconsin Conservatory of Lifelong Learning,All Students,2023-24,0.0,0.0,12.5,12.6,0.0,,,,14.0,16.0
act,reading,pct,Milwaukee,WHS Information Technology,All Students,2023-24,0.0,0.0,33.8983,14.0,0.0,,,,39.0,59.0
act,reading,pct,Milwaukee,Vincent Accelerated Academy,All Students,2023-24,0.0,0.0,73.0769,11.6,0.0,,,,7.0,26.0
act,reading,pct,Milwaukee,Transition High,All Students,2023-24,0.0,0.0,92.8571,11.0,0.0,,,,1.0,14.0
act,reading,pct,Milwaukee,NOVA-Northwest Opportunities Vocational Academy,All Students,2023-24,0.0,0.0,55.1724,10.6,0.0,,,,13.0,29.0
act,reading,pct,Milwaukee,South Division High,All Students,2023-24,0.0,0.0,23.7762,12.9,0.0,,,,109.0,143.0
act,reading,pct,Milwaukee,South Accelerated Academy,All Students,2023-24,0.0,0.0,53.8462,13.5,0.0,,,,6.0,13.0
act,reading,pct,Milwaukee,Shalom High,All Students,2023-24,0.0,0.0,41.3793,11.2,0.0,,,,17.0,29.0
act,reading,pct,Milwaukee,Riverside High,All Students,2023-24,0.0,0.0,6.4356,15.2,0.0,,,,189.0,202.0
act,reading,pct,Milwaukee,Marshall High,All Students,2023-24,0.0,0.0,43.1138,12.7,0.0,,,,95.0,167.0
act,reading,pct,Milwaukee,MacDowell Montessori School K3-12,All Students,2023-24,0.0,0.0,0.0,16.6,0.0,,,,36.0,36.0
act,reading,pct,Milwaukee,King International,All Students,2023-24,0.0,0.0,9.1228,18.8,0.0,,,,259.0,285.0
act,reading,pct,Milwaukee,James Madison Academic Campus,All Students,2023-24,0.0,0.0,29.3333,13.1,0.0,,,,53.0,75.0
act,reading,pct,Milwaukee,Harold S Vincent School of Agricultural Science,All Students,2023-24,0.0,0.0,21.3483,14.0,0.0,,,,70.0,89.0
act,reading,pct,Milwaukee,Hamilton High,All Students,2023-24,0.0,0.0,28.9796,15.2,0.0,,,,174.0,245.0
act,reading,pct,Milwaukee,HAPA-Hmong American Peace Academy K3-12,All Students,2023-24,0.0,0.0,0.0,18.7,0.0,,,,120.0,120.0
act,reading,pct,Milwaukee,Milwaukee School of Languages,All Students,2023-24,0.0,0.0,1.7699,18.0,0.0,,,,111.0,113.0
act,reading,pct,Milwaukee,Milwaukee High School of the Arts,All Students,2023-24,0.0,0.0,0.5319,15.7,0.0,,,,187.0,188.0
act,reading,pct,Milwaukee,Milwaukee Excellence Charter School,All Students,2023-24,0.0,0.0,8.8235,13.4,0.0,,,,31.0,34.0
act,reading,pct,Milwaukee,Milwaukee County Youth Education Center,[Data Suppressed],2023-24,,,,,,,Suppressed by DPI (whole group redacted) — not zero,fully_suppressed,,
act,reading,pct,Nicolet Union High School,Nicolet High,All Students,2023-24,0.0,0.0,7.722,23.1,0.0,,,,239.0,259.0
act,science,pct,Milwaukee,Green Tree Preparatory Academy,All Students,2023-24,7.8431,64.7059,3.9216,15.5,,,,,49.0,51.0
act,science,pct,Milwaukee,Groppi High,All Students,2023-24,0.0,3.3333,96.6667,15.0,,,,,1.0,30.0
act,science,pct,Milwaukee,HAPA-Hmong American Peace Academy K3-12,All Students,2023-24,42.5,28.3333,0.0,19.3,,,,,120.0,120.0
act,science,pct,Milwaukee,Hamilton High,All Students,2023-24,4.4898,46.9388,28.9796,15.3,,,,,174.0,245.0
act,science,pct,Milwaukee,Harold S Vincent School of Agricultural Science,All Students,2023-24,3.3708,52.809,21.3483,15.0,,,,,70.0,89.0
act,science,pct,Milwaukee,James Madison Academic Campus,All Students,2023-24,1.3333,61.3333,30.6667,13.7,,,,,52.0,75.0
act,science,pct,Milwaukee,King International,All Students,2023-24,27.7193,36.1404,9.8246,18.5,,,,,257.0,285.0
act,science,pct,Milwaukee,MacDowell Montessori School K3-12,All Students,2023-24,16.6667,55.5556,0.0,16.9,,,,,36.0,36.0
act,reading,pct,West Allis-West Milwaukee,Deeper Learning Virtual Academy,All Students,2023-24,0.0,0.0,52.9412,13.1,0.0,,,,8.0,17.0
act,science,pct,Milwaukee,Marshall High,All Students,2023-24,0.5988,42.515,43.7126,14.5,,,,,94.0,167.0
act,science,pct,Milwaukee,Milwaukee County Youth Education Center,[Data Suppressed],2023-24,,,,,,,Suppressed by DPI (whole group redacted) — not zero,fully_suppressed,,
act,reading,pct,West Allis-West Milwaukee,Central High,All Students,2023-24,0.0,0.0,7.4419,16.6,0.0,,,,199.0,215.0
act,reading,pct,Wauwatosa,West High,All Students,2023-24,0.0,0.0,0.8368,20.0,0.0,,,,237.0,239.0
act,science,pct,Milwaukee,Milwaukee Excellence Charter School,All Students,2023-24,5.8824,70.5882,11.7647,13.3,,,,,30.0,34.0
act,science,pct,Milwaukee,Milwaukee High School of the Arts,All Students,2023-24,12.234,62.234,1.5957,15.9,,,,,185.0,188.0
act,reading,pct,Wauwatosa,Wauwatosa Virtual Academy,All Students,2023-24,0.0,0.0,20.0,17.1,0.0,,,,20.0,25.0
act,science,pct,Milwaukee,Milwaukee School of Languages,All Students,2023-24,23.8938,39.823,1.7699,18.0,,,,,111.0,113.0
act,reading,pct,West Allis-West Milwaukee,James E Dottke Project-Based Learning High School,All Students,2023-24,0.0,0.0,0.0,17.3,0.0,,,,43.0,43.0
act,reading,pct,West Allis-West Milwaukee,Nathan Hale High,All Students,2023-24,0.0,0.0,10.9589,17.5,0.0,,,,260.0,292.0
act,science,pct,Dr. Howard Fuller Collegiate Academy,Dr Howard Fuller Collegiate Academy,All Students,2023-24,3.5088,73.6842,3.5088,14.1,,,,,55.0,57.0
act,science,pct,Greendale,Greendale High,All Students,2023-24,54.4186,23.7209,1.8605,20.4,,,,,211.0,215.0
act,science,pct,Cudahy,Cudahy High,All Students,2023-24,26.9737,46.0526,2.6316,17.8,,,,,148.0,152.0
act,science,pct,Greenfield,Greenfield High,All Students,2023-24,42.0455,26.5152,2.2727,19.6,,,,,258.0,264.0
act,science,pct,Milwaukee,ASSATA High,All Students,2023-24,0.0,57.8947,31.5789,14.4,,,,,13.0,19.0
act,science,pct,Milwaukee,Alliance School of Milwaukee,All Students,2023-24,8.6957,43.4783,30.4348,16.9,,,,,16.0,23.0
act,science,pct,Central City Cyberschool of Milwaukee,Central City Cyberschool,All Students,2023-24,0.0,86.6667,0.0,13.6,,,,,15.0,15.0
act,science,pct,Milwaukee,Audubon Technology and Communication High,All Students,2023-24,6.4103,65.3846,1.2821,15.6,,,,,77.0,78.0
act,science,pct,Milwaukee,Banner Preparatory School of Milwaukee,[Data Suppressed],2023-24,,,,,,,Suppressed by DPI (whole group redacted) — not zero,fully_suppressed,,
act,science,pct,Milwaukee,NOVA-Northwest Opportunities Vocational Academy,All Students,2023-24,0.0,37.931,58.6207,11.9,,,,,12.0,29.0
act,science,pct,Milwaukee,Bay View High,All Students,2023-24,5.0,61.875,5.0,15.1,,,,,152.0,160.0
act,science,pct,Brown Deer,Brown Deer Middle/High,All Students,2023-24,25.0,37.8788,2.2727,18.3,,,,,129.0,132.0
act,science,pct,Milwaukee,Bradley Technology High,All Students,2023-24,6.3158,57.8947,20.5263,15.2,,,,,151.0,190.0
act,science,pct,Milwaukee,Carmen High School of Science and Technology South Campus,All Students,2023-24,26.9663,42.6966,0.0,17.0,,,,,89.0,89.0
act,reading,pct,Whitnall,Whitnall High,All Students,2023-24,0.0,0.0,8.2051,20.6,0.0,,,,179.0,195.0
act,science,pct,Milwaukee,Carmen High School of Science and Technology Southeast Campus,All Students,2023-24,14.4928,55.7971,2.1739,15.8,,,,,135.0,138.0
act,reading,pct,Whitefish Bay,Whitefish Bay High,All Students,2023-24,0.0,0.0,4.5455,25.6,0.0,,,,210.0,220.0
act,science,pct,Milwaukee,Carmen Middle/High School of Science and Technology Northwest Campus,All Students,2023-24,2.8986,78.2609,5.7971,13.7,,,,,65.0,69.0
act,reading,pct,West Allis-West Milwaukee,Shared Journeys,[Data Suppressed],2023-24,,,,,,,Suppressed by DPI (whole group redacted) — not zero,fully_suppressed,,
act,science,pct,Milwaukee,Golda Meir School,All Students,2023-24,43.6242,24.1611,2.6846,20.1,,,,,145.0,149.0
act,science,pct,Milwaukee,Grandview High,All Students,2023-24,1.5873,68.254,12.6984,14.6,,,,,55.0,63.0
act,reading,pct,Wauwatosa,Vel R Phillips School,[Data Suppressed],2023-24,,,,,,,Suppressed by DPI (whole group redacted) — not zero,fully_suppressed,,
act,science,pct,Milwaukee,North Division High,All Students,2023-24,0.0,44.2308,34.6154,14.8,,,,,34.0,52.0
act,science,pct,Milwaukee,Obama School of Career and Technical Education,All Students,2023-24,1.1561,21.9653,70.5202,14.7,,,,,51.0,173.0
act,reading,pct,Shorewood,New Horizons for Learning,All Students,2023-24,0.0,0.0,50.0,13.7,0.0,,,,3.0,6.0
act,science,pct,Seeds of Health,Tenor High,All Students,2023-24,14.5161,47.5806,0.8065,17.0,,,,,123.0,124.0
act,science,pct,Seeds of Health,Veritas High,All Students,2023-24,13.8462,63.0769,0.0,16.2,,,,,65.0,65.0
act,science,pct,Shorewood,New Horizons for Learning,All Students,2023-24,0.0,33.3333,50.0,16.7,,,,,3.0,6.0
act,reading,pct,Seeds of Health,Veritas High,All Students,2023-24,0.0,0.0,0.0,16.0,0.0,,,,65.0,65.0
act,science,pct,Shorewood,Shorewood High,All Students,2023-24,61.039,22.0779,1.2987,21.7,,,,,152.0,154.0
act,science,pct,South Milwaukee,South Milwaukee High,All Students,2023-24,26.1062,44.2478,5.7522,17.4,,,,,213.0,226.0
act,reading,pct,Seeds of Health,Tenor High,All Students,2023-24,0.0,0.0,0.8065,16.1,0.0,,,,123.0,124.0
act,reading,pct,Saint Francis,Saint Francis High,All Students,2023-24,0.0,0.0,0.7194,16.8,0.0,,,,138.0,139.0
act,science,pct,Trans Center for Youth,Escuela Verde,All Students,2023-24,17.6471,64.7059,0.0,15.6,,,,,17.0,17.0
act,science,pct,Wauwatosa,East High,All Students,2023-24,58.0645,15.7258,4.4355,22.1,,,,,237.0,248.0
act,science,pct,Wauwatosa,Vel R Phillips School,[Data Suppressed],2023-24,,,,,,,Suppressed by DPI (whole group redacted) — not zero,fully_suppressed,,
act,science,pct,Saint Francis,Saint Francis High,All Students,2023-24,28.777,42.446,0.7194,17.2,,,,,138.0,139.0
act,science,pct,Wauwatosa,West High,All Students,2023-24,45.6067,32.636,1.2552,20.0,,,,,236.0,239.0
act,science,pct,West Allis-West Milwaukee,Central High,All Students,2023-24,18.6047,51.6279,7.4419,16.1,,,,,199.0,215.0
act,science,pct,West Allis-West Milwaukee,Deeper Learning Virtual Academy,All Students,2023-24,0.0,41.1765,52.9412,12.6,,,,,8.0,17.0
act,science,pct,West Allis-West Milwaukee,James E Dottke Project-Based Learning High School,All Students,2023-24,18.6047,53.4884,0.0,17.1,,,,,43.0,43.0
act,reading,pct,Pathways High,Pathways High,All Students,2023-24,0.0,0.0,2.9412,18.8,0.0,,,,33.0,34.0
act,reading,pct,Oak Creek-Franklin Joint,Oak Creek High,All Students,2023-24,0.0,0.0,6.3551,19.8,0.0,,,,501.0,535.0
act,science,pct,West Allis-West Milwaukee,Nathan Hale High,All Students,2023-24,30.137,38.6986,10.9589,18.0,,,,,260.0,292.0
act,science,pct,West Allis-West Milwaukee,Shared Journeys,[Data Suppressed],2023-24,,,,,,,Suppressed by DPI (whole group redacted) — not zero,fully_suppressed,,
act,science,pct,Whitefish Bay,Whitefish Bay High,All Students,2023-24,78.1818,5.0,4.5455,25.2,,,,,210.0,220.0
act,science,pct,Wauwatosa,Wauwatosa Virtual Academy,All Students,2023-24,4.0,40.0,20.0,16.8,,,,,20.0,25.0
act,science,pct,Whitnall,Whitnall High,All Students,2023-24,43.5897,23.5897,8.2051,20.6,,,,,179.0,195.0
act,science,pct,Pathways High,Pathways High,All Students,2023-24,20.5882,47.0588,2.9412,17.8,,,,,33.0,34.0
act,science,pct,Oak Creek-Franklin Joint,Oak Creek High,All Students,2023-24,42.6168,23.5514,6.5421,20.2,,,,,500.0,535.0
act,science,pct,Milwaukee,Project STAY-Supporting Teachers and Youth,All Students,2023-24,0.0,19.2308,76.9231,13.7,,,,,6.0,26.0
act,science,pct,Milwaukee,Pulaski High,All Students,2023-24,2.2472,60.6742,17.9775,14.7,,,,,146.0,178.0
act,science,pct,Milwaukee,Reagan College Preparatory High,All Students,2023-24,56.8571,14.0,1.1429,21.7,,,,,346.0,350.0
act,reading,pct,Wauwatosa,East High,All Students,2023-24,0.0,0.0,4.4355,22.0,0.0,,,,237.0,248.0
act,science,pct,Milwaukee,Riverside High,All Students,2023-24,9.4059,54.4554,6.4356,15.9,,,,,189.0,202.0
act,science,pct,Milwaukee,Shalom High,All Students,2023-24,0.0,44.8276,41.3793,12.4,,,,,17.0,29.0
act,science,pct,Milwaukee,South Accelerated Academy,All Students,2023-24,0.0,46.1538,53.8462,14.5,,,,,6.0,13.0
act,science,pct,Milwaukee,South Division High,All Students,2023-24,0.6993,61.5385,23.7762,14.0,,,,,109.0,143.0
act,science,pct,Milwaukee,Vincent Accelerated Academy,All Students,2023-24,0.0,19.2308,76.9231,14.7,,,,,6.0,26.0
act,science,pct,Milwaukee,WHS Information Technology,All Students,2023-24,1.6949,50.8475,33.8983,14.7,,,,,39.0,59.0
act,science,pct,Milwaukee,Wisconsin Conservatory of Lifelong Learning,All Students,2023-24,12.5,62.5,12.5,14.2,,,,,14.0,16.0
act,science,pct,Milwaukee Science Education Consortium,Milwaukee Academy of Science,All Students,2023-24,9.0909,54.5455,0.0,16.1,,,,,77.0,77.0
act,science,pct,Nicolet Union High School,Nicolet High,All Students,2023-24,62.9344,14.2857,7.722,22.8,,,,,239.0,259.0
act,reading,pct,Trans Center for Youth,Escuela Verde,All Students,2023-24,0.0,0.0,0.0,15.0,0.0,,,,17.0,17.0
act,reading,pct,South Milwaukee,South Milwaukee High,All Students,2023-24,0.0,0.0,5.7522,16.5,0.0,,,,213.0,226.0
act,reading,pct,Shorewood,Shorewood High,All Students,2023-24,0.0,0.0,1.2987,22.7,0.0,,,,152.0,154.0
act,science,pct,Milwaukee,Transition High,All Students,2023-24,0.0,7.1429,92.8571,14.0,,,,,1.0,14.0
act,reading,pct,Milwaukee,Groppi High,All Students,2023-24,0.0,0.0,96.6667,12.0,0.0,,,,1.0,30.0
act,math,pct,Whitnall,Whitnall High,All Students,2023-24,45.641,23.0769,8.2051,20.2,,,,,179.0,195.0
act,math,pct,Whitefish Bay,Whitefish Bay High,All Students,2023-24,80.9091,5.0,4.5455,25.6,,,,,210.0,220.0
act,math,pct,West Allis-West Milwaukee,Shared Journeys,[Data Suppressed],2023-24,,,,,,,Suppressed by DPI (whole group redacted) — not zero,fully_suppressed,,
act,math,pct,West Allis-West Milwaukee,Nathan Hale High,All Students,2023-24,25.3425,42.1233,10.9589,17.0,,,,,260.0,292.0
act,reading,pct,Brown Deer,Brown Deer Middle/High,All Students,2023-24,0.0,0.0,2.2727,17.4,0.0,,,,129.0,132.0
act,reading,pct,Franklin Public,Franklin High,All Students,2023-24,0.0,0.0,1.4458,21.4,0.0,,,,409.0,415.0
act,reading,pct,Dr. Howard Fuller Collegiate Academy,Dr Howard Fuller Collegiate Academy,All Students,2023-24,0.0,0.0,3.5088,13.6,0.0,,,,55.0,57.0
act,reading,pct,Cudahy,Cudahy High,All Students,2023-24,0.0,0.0,2.6316,17.7,0.0,,,,148.0,152.0
act,reading,pct,Central City Cyberschool of Milwaukee,Central City Cyberschool,All Students,2023-24,0.0,0.0,0.0,10.9,0.0,,,,15.0,15.0
act,math,pct,Wauwatosa,East High,All Students,2023-24,54.8387,13.7097,4.4355,21.2,,,,,237.0,248.0
act,math,pct,Trans Center for Youth,Escuela Verde,All Students,2023-24,5.8824,64.7059,0.0,14.4,,,,,17.0,17.0
act,math,pct,West Allis-West Milwaukee,James E Dottke Project-Based Learning High School,All Students,2023-24,13.9535,62.7907,0.0,15.8,,,,,43.0,43.0
act,math,pct,West Allis-West Milwaukee,Deeper Learning Virtual Academy,All Students,2023-24,0.0,41.1765,52.9412,14.9,,,,,8.0,17.0
act,math,pct,West Allis-West Milwaukee,Central High,All Students,2023-24,18.1395,53.9535,7.4419,16.1,,,,,199.0,215.0
act,math,pct,Wauwatosa,West High,All Students,2023-24,51.8828,25.1046,0.8368,20.0,,,,,237.0,239.0
act,math,pct,Wauwatosa,Wauwatosa Virtual Academy,All Students,2023-24,4.0,56.0,16.0,14.6,,,,,21.0,25.0
act,math,pct,Wauwatosa,Vel R Phillips School,[Data Suppressed],2023-24,,,,,,,Suppressed by DPI (whole group redacted) — not zero,fully_suppressed,,
act,reading,pct,Milwaukee,Grandview High,All Students,2023-24,0.0,0.0,12.6984,14.2,0.0,,,,55.0,63.0
act,reading,pct,Milwaukee,Golda Meir School,All Students,2023-24,0.0,0.0,2.6846,20.3,0.0,,,,145.0,149.0
act,reading,pct,Milwaukee,Carmen Middle/High School of Science and Technology Northwest Campus,All Students,2023-24,0.0,0.0,5.7971,14.3,0.0,,,,65.0,69.0
act,reading,pct,Milwaukee,Carmen High School of Science and Technology Southeast Campus,All Students,2023-24,0.0,0.0,2.1739,15.6,0.0,,,,135.0,138.0
act,reading,pct,Milwaukee,Carmen High School of Science and Technology South Campus,All Students,2023-24,0.0,0.0,0.0,18.0,0.0,,,,89.0,89.0
act,reading,pct,Milwaukee,Green Tree Preparatory Academy,All Students,2023-24,0.0,0.0,3.9216,14.5,0.0,,,,49.0,51.0
act,reading,pct,Milwaukee,Audubon Technology and Communication High,All Students,2023-24,0.0,0.0,1.2821,14.1,0.0,,,,77.0,78.0
act,reading,pct,Milwaukee,Alliance School of Milwaukee,All Students,2023-24,0.0,0.0,30.4348,16.7,0.0,,,,16.0,23.0
act,reading,pct,Milwaukee,ASSATA High,All Students,2023-24,0.0,0.0,31.5789,14.2,0.0,,,,13.0,19.0
act,reading,pct,Greenfield,Greenfield High,All Students,2023-24,0.0,0.0,2.2727,19.2,0.0,,,,258.0,264.0
act,reading,pct,Greendale,Greendale High,All Students,2023-24,0.0,0.0,1.8605,18.9,0.0,,,,211.0,215.0
act,reading,pct,Milwaukee,Bradley Technology High,All Students,2023-24,0.0,0.0,20.0,13.8,0.0,,,,152.0,190.0
act,reading,pct,Milwaukee,Bay View High,All Students,2023-24,0.0,0.0,5.0,14.2,0.0,,,,152.0,160.0
act,reading,pct,Milwaukee,Banner Preparatory School of Milwaukee,[Data Suppressed],2023-24,,,,,,,Suppressed by DPI (whole group redacted) — not zero,fully_suppressed,,
act,math,pct,Cudahy,Cudahy High,All Students,2023-24,27.6316,51.3158,2.6316,16.9,,,,,148.0,152.0
act,ela,pct,Milwaukee,Milwaukee School of Languages,All Students,2023-24,40.708,25.6637,1.7699,17.4,,,,,111.0,113.0
act,ela,pct,Milwaukee,Milwaukee High School of the Arts,All Students,2023-24,16.4894,50.0,0.5319,14.3,,,,,187.0,188.0
act,ela,pct,Milwaukee,Milwaukee Excellence Charter School,All Students,2023-24,2.9412,73.5294,8.8235,11.1,,,,,31.0,34.0
act,ela,pct,Milwaukee,Obama School of Career and Technical Education,All Students,2023-24,2.8902,18.4971,70.5202,12.5,,,,,51.0,173.0
act,ela,pct,Milwaukee,NOVA-Northwest Opportunities Vocational Academy,All Students,2023-24,0.0,44.8276,55.1724,7.8,,,,,13.0,29.0
act,ela,pct,Milwaukee,North Division High,All Students,2023-24,0.0,61.5385,34.6154,10.4,,,,,34.0,52.0
act,ela,pct,Milwaukee,Marshall High,All Students,2023-24,0.5988,46.1078,43.1138,10.8,,,,,95.0,167.0
act,ela,pct,Milwaukee,MacDowell Montessori School K3-12,All Students,2023-24,16.6667,47.2222,0.0,15.5,,,,,36.0,36.0
act,ela,pct,Milwaukee,King International,All Students,2023-24,38.5965,16.8421,9.1228,18.1,,,,,259.0,285.0
act,ela,pct,Milwaukee,Milwaukee County Youth Education Center,[Data Suppressed],2023-24,,,,,,,Suppressed by DPI (whole group redacted) — not zero,fully_suppressed,,
act,ela,pct,Milwaukee,South Accelerated Academy,All Students,2023-24,0.0,46.1538,53.8462,9.8,,,,,6.0,13.0
act,ela,pct,Milwaukee,Shalom High,All Students,2023-24,0.0,51.7241,41.3793,10.0,,,,,17.0,29.0
act,ela,pct,Milwaukee,Reagan College Preparatory High,All Students,2023-24,68.2857,8.8571,1.1429,21.1,,,,,346.0,350.0
act,ela,pct,Milwaukee,Pulaski High,All Students,2023-24,3.9326,58.427,17.9775,11.2,,,,,146.0,178.0
act,ela,pct,Milwaukee,Project STAY-Supporting Teachers and Youth,All Students,2023-24,0.0,19.2308,76.9231,9.8,,,,,6.0,26.0
act,ela,pct,Milwaukee,Riverside High,All Students,2023-24,10.396,51.4851,6.4356,13.6,,,,,189.0,202.0
act,ela,pct,Milwaukee,James Madison Academic Campus,All Students,2023-24,2.6667,53.3333,29.3333,11.5,,,,,53.0,75.0
act,ela,pct,Milwaukee,Audubon Technology and Communication High,All Students,2023-24,7.6923,56.4103,1.2821,13.3,,,,,77.0,78.0
act,ela,pct,Milwaukee,Alliance School of Milwaukee,All Students,2023-24,8.6957,34.7826,30.4348,14.1,,,,,16.0,23.0
act,ela,pct,Milwaukee,Banner Preparatory School of Milwaukee,[Data Suppressed],2023-24,,,,,,,Suppressed by DPI (whole group redacted) — not zero,fully_suppressed,,
act,ela,pct,Cudahy,Cudahy High,All Students,2023-24,31.5789,37.5,2.6316,16.2,,,,,148.0,152.0
act,ela,pct,Central City Cyberschool of Milwaukee,Central City Cyberschool,All Students,2023-24,0.0,93.3333,0.0,10.0,,,,,15.0,15.0
act,ela,pct,Milwaukee,ASSATA High,All Students,2023-24,0.0,68.4211,31.5789,10.8,,,,,13.0,19.0
act,ela,pct,Greenfield,Greenfield High,All Students,2023-24,45.0758,16.6667,2.2727,18.2,,,,,258.0,264.0
act,ela,pct,Greendale,Greendale High,All Students,2023-24,41.3953,16.2791,1.8605,17.8,,,,,211.0,215.0
act,ela,pct,Franklin Public,Franklin High,All Students,2023-24,65.5422,10.3614,1.4458,20.8,,,,,409.0,415.0
act,ela,pct,Dr. Howard Fuller Collegiate Academy,Dr Howard Fuller Collegiate Academy,All Students,2023-24,7.0175,66.6667,3.5088,12.6,,,,,55.0,57.0
act,ela,pct,Milwaukee,Groppi High,All Students,2023-24,0.0,3.3333,96.6667,13.0,,,,,1.0,30.0
act,ela,pct,Milwaukee,Green Tree Preparatory Academy,All Students,2023-24,7.8431,66.6667,3.9216,12.3,,,,,49.0,51.0
act,ela,pct,Milwaukee,Harold S Vincent School of Agricultural Science,All Students,2023-24,7.8652,44.9438,21.3483,12.7,,,,,70.0,89.0
act,ela,pct,Milwaukee,Hamilton High,All Students,2023-24,7.7551,33.8776,28.9796,13.6,,,,,174.0,245.0
act,ela,pct,Milwaukee,HAPA-Hmong American Peace Academy K3-12,All Students,2023-24,51.6667,14.1667,0.0,18.9,,,,,120.0,120.0
act,ela,pct,Milwaukee,Carmen Middle/High School of Science and Technology Northwest Campus,All Students,2023-24,1.4493,66.6667,4.3478,11.7,,,,,66.0,69.0
act,ela,pct,Milwaukee,Carmen High School of Science and Technology Southeast Campus,All Students,2023-24,15.942,36.2319,2.1739,14.6,,,,,135.0,138.0
act,ela,pct,Milwaukee,Carmen High School of Science and Technology South Campus,All Students,2023-24,28.0899,24.7191,0.0,16.4,,,,,89.0,89.0
act,ela,pct,Milwaukee,Bradley Technology High,All Students,2023-24,7.8947,56.3158,20.0,12.0,,,,,152.0,190.0
act,ela,pct,Milwaukee,Bay View High,All Students,2023-24,8.125,61.25,5.0,12.5,,,,,152.0,160.0
act,ela,pct,Milwaukee,Grandview High,All Students,2023-24,4.7619,53.9683,12.6984,12.5,,,,,55.0,63.0
act,ela,pct,Milwaukee,Golda Meir School,All Students,2023-24,51.0067,18.7919,2.6846,19.1,,,,,145.0,149.0
act,ela,pct,Wauwatosa,West High,All Students,2023-24,54.3933,18.8285,0.8368,19.0,,,,,237.0,239.0
act,ela,pct,Wauwatosa,Wauwatosa Virtual Academy,All Students,2023-24,20.0,40.0,20.0,15.4,,,,,20.0,25.0
act,ela,pct,Wauwatosa,Vel R Phillips School,[Data Suppressed],2023-24,,,,,,,Suppressed by DPI (whole group redacted) — not zero,fully_suppressed,,
act,ela,pct,Wauwatosa,East High,All Students,2023-24,59.6774,10.0806,4.4355,20.2,,,,,237.0,248.0
act,ela,pct,Trans Center for Youth,Escuela Verde,All Students,2023-24,23.5294,58.8235,0.0,14.2,,,,,17.0,17.0
act,ela,pct,West Allis-West Milwaukee,Deeper Learning Virtual Academy,All Students,2023-24,0.0,41.1765,52.9412,11.2,,,,,8.0,17.0
act,ela,pct,West Allis-West Milwaukee,Central High,All Students,2023-24,15.814,49.3023,7.4419,13.8,,,,,199.0,215.0
act,ela,pct,South Milwaukee,South Milwaukee High,All Students,2023-24,20.7965,38.0531,5.7522,14.6,,,,,213.0,226.0
act,ela,pct,Shorewood,Shorewood High,All Students,2023-24,57.7922,10.3896,1.2987,21.0,,,,,152.0,154.0
act,ela,pct,Whitnall,Whitnall High,All Students,2023-24,50.2564,13.3333,8.2051,19.4,,,,,179.0,195.0
act,ela,pct,Whitefish Bay,Whitefish Bay High,All Students,2023-24,81.3636,2.2727,4.5455,23.9,,,,,210.0,220.0
act,ela,pct,West Allis-West Milwaukee,Shared Journeys,[Data Suppressed],2023-24,,,,,,,Suppressed by DPI (whole group redacted) — not zero,fully_suppressed,,
act,ela,pct,West Allis-West Milwaukee,Nathan Hale High,All Students,2023-24,26.7123,25.0,10.9589,16.4,,,,,260.0,292.0
act,math,pct,Brown Deer,Brown Deer Middle/High,All Students,2023-24,25.0,41.6667,1.5152,17.2,,,,,130.0,132.0
act,math,pct,Central City Cyberschool of Milwaukee,Central City Cyberschool,All Students,2023-24,0.0,86.6667,0.0,13.9,,,,,15.0,15.0
act,ela,pct,West Allis-West Milwaukee,James E Dottke Project-Based Learning High School,All Students,2023-24,25.5814,48.8372,0.0,14.3,,,,,43.0,43.0
act,ela,pct,Pathways High,Pathways High,All Students,2023-24,41.1765,26.4706,2.9412,16.7,,,,,33.0,34.0
act,ela,pct,Oak Creek-Franklin Joint,Oak Creek High,All Students,2023-24,45.4206,19.8131,6.3551,18.1,,,,,501.0,535.0
act,ela,pct,Nicolet Union High School,Nicolet High,All Students,2023-24,66.7954,8.8803,7.722,21.9,,,,,239.0,259.0
act,ela,pct,Milwaukee Science Education Consortium,Milwaukee Academy of Science,All Students,2023-24,9.0909,45.4545,0.0,14.2,,,,,77.0,77.0
act,ela,pct,Saint Francis,Saint Francis High,All Students,2023-24,17.9856,39.5683,0.7194,15.0,,,,,138.0,139.0
act,ela,pct,Milwaukee,Wisconsin Conservatory of Lifelong Learning,All Students,2023-24,6.25,56.25,12.5,11.4,,,,,14.0,16.0
act,ela,pct,Milwaukee,WHS Information Technology,All Students,2023-24,5.0847,50.8475,33.8983,11.6,,,,,39.0,59.0
act,ela,pct,Shorewood,New Horizons for Learning,All Students,2023-24,0.0,33.3333,50.0,11.3,,,,,3.0,6.0
act,ela,pct,Seeds of Health,Veritas High,All Students,2023-24,24.6154,40.0,0.0,15.5,,,,,65.0,65.0
act,ela,pct,Milwaukee,Transition High,All Students,2023-24,0.0,7.1429,92.8571,13.0,,,,,1.0,14.0
act,ela,pct,Seeds of Health,Tenor High,All Students,2023-24,17.7419,31.4516,0.8065,15.6,,,,,123.0,124.0
act,ela,pct,Milwaukee,South Division High,All Students,2023-24,1.3986,61.5385,23.7762,10.6,,,,,109.0,143.0
act,ela,pct,Milwaukee,Vincent Accelerated Academy,All Students,2023-24,0.0,23.0769,73.0769,9.3,,,,,7.0,26.0
act,science,pct,Milwaukee,Milwaukee School of Languages,All Students,2024-25,26.2136,39.8058,5.8252,17.8,2.3198000000000008,9.708794750102534,,,97.0,103.0
act,science,pct,Milwaukee,Milwaukee High School of the Arts,All Students,2024-25,10.4167,54.1667,2.5,16.2,-1.8172999999999995,-14.854503841752486,,,234.0,240.0
act,science,pct,Milwaukee,Milwaukee County Youth Education Center,[Data Suppressed],2024-25,,,,,,,Suppressed by DPI (whole group redacted) — not zero,fully_suppressed,,
act,science,pct,Milwaukee,Marshall High,All Students,2024-25,2.0833,56.25,30.2083,14.3,1.4845,247.9124916499666,,,67.0,96.0
act,science,pct,Milwaukee,MacDowell Montessori School K3-12,All Students,2024-25,18.5185,38.8889,1.8519,17.8,1.8518000000000008,11.110777778444447,,,53.0,54.0
act,science,pct,Milwaukee,Lad Lake Synergy School,[Data Suppressed],2024-25,,,,,,,Suppressed by DPI (whole group redacted) — not zero,fully_suppressed,,
act,science,pct,Milwaukee,King International,All Students,2024-25,27.6873,26.0586,11.0749,18.6,-0.03200000000000003,-0.11544303066816086,,,273.0,307.0
act,science,pct,Milwaukee,NOVA-Northwest Opportunities Vocational Academy,All Students,2024-25,4.7619,38.0952,47.619,14.9,4.7619,,,,11.0,21.0
act,science,pct,Milwaukee,James Madison Academic Campus,All Students,2024-25,0.0,52.5,18.75,14.7,-1.3333,-100.0,,,65.0,80.0
act,science,pct,Milwaukee,Hamilton High,All Students,2024-25,4.2471,55.5985,18.5328,15.3,-0.24270000000000014,-5.405585994921824,,,211.0,259.0
act,science,pct,Milwaukee,HAPA-Hmong American Peace Academy K3-12,All Students,2024-25,46.8085,21.2766,0.0,20.0,4.308500000000002,10.13764705882354,,,141.0,141.0
act,science,pct,Milwaukee,Groppi High,All Students,2024-25,0.0,0.0,100.0,,0.0,,,,,7.0
act,science,pct,Milwaukee,Green Tree Preparatory Academy,All Students,2024-25,4.5455,65.9091,4.5455,15.0,-3.2976,-42.044599711848626,,,42.0,44.0
act,science,pct,Milwaukee,Grandview High,All Students,2024-25,1.6129,41.9355,33.871,14.5,0.025600000000000067,1.6128016128016176,,,41.0,62.0
act,science,pct,Milwaukee,Golda Meir School,All Students,2024-25,36.2963,21.4815,2.2222,19.8,-7.3279,-16.797786549667382,,,132.0,135.0
act,science,pct,Milwaukee,Carmen Middle/High School of Science and Technology Northwest Campus,All Students,2024-25,10.0,65.7143,7.1429,14.7,7.1014,244.99413509970333,,,65.0,70.0
act,science,pct,Milwaukee,Harold S Vincent School of Agricultural Science,All Students,2024-25,4.878,64.6341,10.9756,14.8,1.5072,44.713421146315426,,,73.0,82.0
act,science,pct,Milwaukee,Carmen High School of Science and Technology Southeast Campus,All Students,2024-25,14.8387,50.3226,3.871,16.4,0.34589999999999854,2.3867023625524286,,,149.0,155.0
act,science,pct,Milwaukee,North Division High,All Students,2024-25,0.0,28.5714,62.5,13.7,0.0,,,,21.0,56.0
act,science,pct,Milwaukee,Project STAY-Supporting Teachers and Youth,All Students,2024-25,0.0,18.8679,77.3585,13.8,0.0,,,,12.0,53.0
act,science,pct,Shorewood,Shorewood High,All Students,2024-25,67.1429,12.8571,1.4286,23.1,6.103899999999996,9.999999999999986,,,138.0,140.0
act,science,pct,Shorewood,New Horizons for Learning,All Students,2024-25,25.0,33.3333,41.6667,18.6,25.0,,,,7.0,12.0
act,science,pct,Seeds of Health,Veritas High,All Students,2024-25,14.0845,47.8873,0.0,17.1,0.23830000000000062,1.7210498187228307,,,71.0,71.0
act,science,pct,Seeds of Health,Tenor High,All Students,2024-25,10.9489,59.854,0.7299,15.9,-3.5671999999999997,-24.57409359263163,,,136.0,137.0
act,science,pct,Saint Francis,Saint Francis High,All Students,2024-25,23.5294,51.2605,0.8403,17.0,-5.247600000000002,-18.23539632345277,,,118.0,119.0
act,science,pct,Pathways High,Pathways High,All Students,2024-25,23.3333,46.6667,3.3333,17.1,2.7451000000000008,13.333365714341227,,,29.0,30.0
act,science,pct,Oak Creek-Franklin Joint,Oak Creek High,All Students,2024-25,45.471,26.9928,3.8043,20.1,2.8541999999999987,6.697358788083574,,,531.0,552.0
act,science,pct,Milwaukee,Obama School of Career and Technical Education,All Students,2024-25,0.565,22.5989,69.4915,13.9,-0.5911,-51.128795086930204,,,54.0,177.0
act,science,pct,Nicolet Union High School,Nicolet High,All Students,2024-25,55.2,21.2,4.4,22.0,-7.734399999999994,-12.28962220979305,,,239.0,250.0
act,science,pct,Milwaukee,Wisconsin Conservatory of Lifelong Learning,All Students,2024-25,0.0,35.7143,42.8571,15.5,-12.5,-100.0,,,8.0,14.0
act,science,pct,Milwaukee,WHS Information Technology,All Students,2024-25,1.6129,59.6774,22.5806,14.2,-0.08200000000000007,-4.83804354239189,,,48.0,62.0
act,science,pct,Milwaukee,South Division High,All Students,2024-25,3.352,58.1006,25.1397,14.1,2.6527,379.3364793364793,,,134.0,179.0
act,science,pct,Milwaukee,Shalom High,All Students,2024-25,0.0,50.0,50.0,12.2,0.0,,,,9.0,18.0
act,science,pct,Milwaukee,Riverside High,All Students,2024-25,12.1359,50.0,14.5631,15.9,2.7299999999999986,29.02433578923864,,,176.0,206.0
act,science,pct,Milwaukee,Reagan College Preparatory High,All Students,2024-25,51.3353,17.8042,2.0772,20.5,-5.521800000000006,-9.711715863102421,,,330.0,337.0
act,science,pct,Milwaukee,Pulaski High,All Students,2024-25,5.0279,53.6313,23.4637,14.8,2.7807,123.74065503737985,,,137.0,179.0
act,science,pct,Milwaukee Science Education Consortium,Milwaukee Academy of Science,All Students,2024-25,11.25,61.25,6.25,15.5,2.1591000000000005,23.750123750123752,,,75.0,80.0
act,science,pct,Milwaukee,Carmen High School of Science and Technology South Campus,All Students,2024-25,22.3404,48.9362,1.0638,17.4,-4.6259000000000015,-17.15437416330754,,,93.0,94.0
act,science,pct,Milwaukee,Bradley Technology High,All Students,2024-25,5.2381,64.2857,7.619,14.8,-1.0777,-17.06355489407517,,,194.0,210.0
act,science,pct,Milwaukee,Bay View High,All Students,2024-25,6.5217,65.7609,4.3478,14.6,1.5217,30.434000000000005,,,176.0,184.0
act,reading,pct,Trans Center for Youth,Escuela Verde,All Students,2024-25,0.0,0.0,19.3548,14.8,0.0,,,,25.0,31.0
act,reading,pct,South Milwaukee,South Milwaukee High,All Students,2024-25,0.0,0.0,2.5,15.5,0.0,,,,234.0,240.0
act,reading,pct,Shorewood,Shorewood High,All Students,2024-25,0.0,0.0,1.4286,23.8,0.0,,,,138.0,140.0
act,reading,pct,Shorewood,New Horizons for Learning,All Students,2024-25,0.0,0.0,41.6667,23.0,0.0,,,,7.0,12.0
act,reading,pct,Seeds of Health,Veritas High,All Students,2024-25,0.0,0.0,0.0,18.2,0.0,,,,71.0,71.0
act,reading,pct,Seeds of Health,Tenor High,All Students,2024-25,0.0,0.0,0.7299,16.4,0.0,,,,136.0,137.0
act,reading,pct,Saint Francis,Saint Francis High,All Students,2024-25,0.0,0.0,0.8403,16.9,0.0,,,,118.0,119.0
act,reading,pct,Wauwatosa,East High,All Students,2024-25,0.0,0.0,3.861,22.4,0.0,,,,249.0,259.0
act,reading,pct,Pathways High,Pathways High,All Students,2024-25,0.0,0.0,3.3333,16.3,0.0,,,,29.0,30.0
act,reading,pct,Nicolet Union High School,Nicolet High,All Students,2024-25,0.0,0.0,4.0,22.3,0.0,,,,240.0,250.0
act,reading,pct,Milwaukee Science Education Consortium,Milwaukee Academy of Science,All Students,2024-25,0.0,0.0,6.25,14.9,0.0,,,,75.0,80.0
act,reading,pct,Milwaukee,Wisconsin Conservatory of Lifelong Learning,All Students,2024-25,0.0,0.0,42.8571,13.9,0.0,,,,8.0,14.0
act,reading,pct,Milwaukee,WHS Information Technology,All Students,2024-25,0.0,0.0,24.1935,12.6,0.0,,,,47.0,62.0
act,reading,pct,Milwaukee,South Division High,All Students,2024-25,0.0,0.0,25.1397,13.0,0.0,,,,134.0,179.0
act,reading,pct,Milwaukee,Shalom High,All Students,2024-25,0.0,0.0,44.4444,9.5,0.0,,,,10.0,18.0
act,reading,pct,Milwaukee,Riverside High,All Students,2024-25,0.0,0.0,14.5631,15.1,0.0,,,,176.0,206.0
act,reading,pct,Oak Creek-Franklin Joint,Oak Creek High,All Students,2024-25,0.0,0.0,3.8043,19.4,0.0,,,,531.0,552.0
act,reading,pct,Wauwatosa,Vel R Phillips School,All Students,2024-25,0.0,0.0,0.0,14.9,0.0,,,,8.0,8.0
act,reading,pct,Wauwatosa,Wauwatosa Virtual Academy,All Students,2024-25,0.0,0.0,29.1667,16.4,0.0,,,,17.0,24.0
act,reading,pct,Wauwatosa,West High,All Students,2024-25,0.0,0.0,2.7132,20.3,0.0,,,,251.0,258.0
act,science,pct,Milwaukee,Banner Preparatory School of Milwaukee,[Data Suppressed],2024-25,,,,,,,Suppressed by DPI (whole group redacted) — not zero,fully_suppressed,,
act,science,pct,Milwaukee,Audubon Technology and Communication High,All Students,2024-25,12.6582,58.2278,3.7975,16.0,6.2479000000000005,97.46657722727485,,,76.0,79.0
act,science,pct,Milwaukee,Alliance School of Milwaukee,All Students,2024-25,8.0,36.0,44.0,15.5,-0.6957000000000004,-8.000505997217022,,,14.0,25.0
act,science,pct,Milwaukee,ASSATA High,All Students,2024-25,0.0,57.8947,42.1053,13.6,0.0,,,,11.0,19.0
act,science,pct,Greenfield,Greenfield High,All Students,2024-25,34.2857,33.2143,6.4286,18.8,-7.7597999999999985,-18.455720588410173,,,262.0,280.0
act,science,pct,Greendale,Greendale High,All Students,2024-25,60.3687,15.6682,0.9217,21.7,5.950099999999999,10.933945378969678,,,215.0,217.0
act,science,pct,Franklin Public,Franklin High,All Students,2024-25,54.0682,23.8845,0.7874,20.9,0.0922999999999945,0.17100224359389848,,,378.0,381.0
act,science,pct,Dr. Howard Fuller Collegiate Academy,Dr Howard Fuller Collegiate Academy,All Students,2024-25,3.3708,65.1685,5.618,14.6,-0.1379999999999999,-3.932968536251702,,,84.0,89.0
act,science,pct,Cudahy,Cudahy High,All Students,2024-25,23.1638,46.3277,6.2147,17.3,-3.8099000000000025,-14.124499049073735,,,166.0,177.0
act,science,pct,Central City Cyberschool of Milwaukee,Central City Cyberschool,All Students,2024-25,0.0,77.7778,16.6667,14.1,0.0,,,,15.0,18.0
act,science,pct,Brown Deer,Brown Deer Middle/High,All Students,2024-25,29.9145,33.3333,3.4188,18.1,4.9145,19.657999999999998,,,113.0,117.0
act,reading,pct,Whitnall,Whitnall High,All Students,2024-25,0.0,0.0,8.3333,21.0,0.0,,,,176.0,192.0
act,reading,pct,Whitefish Bay,Whitefish Bay High,All Students,2024-25,0.0,0.0,1.2876,25.6,0.0,,,,230.0,233.0
act,reading,pct,West Allis-West Milwaukee,Nathan Hale High,All Students,2024-25,0.0,0.0,4.1812,18.9,0.0,,,,275.0,287.0
act,reading,pct,West Allis-West Milwaukee,James E Dottke Project-Based Learning High School,All Students,2024-25,0.0,0.0,5.2632,19.7,0.0,,,,36.0,38.0
act,reading,pct,West Allis-West Milwaukee,Deeper Learning Virtual Academy,All Students,2024-25,0.0,0.0,40.0,16.8,0.0,,,,6.0,10.0
act,reading,pct,West Allis-West Milwaukee,Central High,All Students,2024-25,0.0,0.0,5.6522,16.3,0.0,,,,217.0,230.0
act,science,pct,South Milwaukee,South Milwaukee High,All Students,2024-25,26.25,47.0833,2.9167,17.0,0.14379999999999882,0.5508270066114429,,,233.0,240.0
act,reading,pct,Milwaukee,Reagan College Preparatory High,All Students,2024-25,0.0,0.0,2.0772,21.0,0.0,,,,330.0,337.0
act,science,pct,Trans Center for Youth,Escuela Verde,All Students,2024-25,6.4516,54.8387,19.3548,15.8,-11.1955,-63.44101863762317,,,25.0,31.0
act,science,pct,Wauwatosa,Vel R Phillips School,All Students,2024-25,12.5,75.0,0.0,15.2,,,,,8.0,8.0
act,science,pct,Whitefish Bay,Whitefish Bay High,All Students,2024-25,80.2575,4.721,1.2876,25.2,2.0756999999999977,2.654965733712955,,,230.0,233.0
act,science,pct,West Allis-West Milwaukee,Nathan Hale High,All Students,2024-25,37.6307,31.0105,4.878,19.3,7.493699999999997,24.865447788432803,,,273.0,287.0
act,science,pct,West Allis-West Milwaukee,James E Dottke Project-Based Learning High School,All Students,2024-25,21.0526,34.2105,5.2632,18.1,2.4479000000000006,13.157427961751612,,,36.0,38.0
act,science,pct,West Allis-West Milwaukee,Deeper Learning Virtual Academy,All Students,2024-25,20.0,40.0,40.0,17.7,20.0,,,,6.0,10.0
act,science,pct,West Allis-West Milwaukee,Central High,All Students,2024-25,14.7826,52.1739,5.6522,16.5,-3.8221000000000007,-20.543733572699374,,,217.0,230.0
act,science,pct,Wauwatosa,West High,All Students,2024-25,44.5736,26.7442,2.7132,20.2,-1.0330999999999975,-2.2652373445129714,,,251.0,258.0
act,science,pct,Wauwatosa,Wauwatosa Virtual Academy,All Students,2024-25,0.0,54.1667,29.1667,14.8,-4.0,-100.0,,,17.0,24.0
act,science,pct,Whitnall,Whitnall High,All Students,2024-25,46.875,20.8333,8.3333,21.0,3.2852999999999994,7.536872242754589,,,176.0,192.0
act,science,pct,Wauwatosa,East High,All Students,2024-25,57.1429,16.6023,3.861,22.2,-0.9216000000000051,-1.587200440889025,,,249.0,259.0
act,reading,pct,Milwaukee,Pulaski High,All Students,2024-25,0.0,0.0,23.4637,13.4,0.0,,,,137.0,179.0
act,reading,pct,Milwaukee,Project STAY-Supporting Teachers and Youth,All Students,2024-25,0.0,0.0,77.3585,12.0,0.0,,,,12.0,53.0
act,reading,pct,Milwaukee,Obama School of Career and Technical Education,All Students,2024-25,0.0,0.0,69.4915,12.7,0.0,,,,54.0,177.0
act,ela,pct,Wauwatosa,West High,All Students,2024-25,49.6124,22.4806,2.7132,19.3,-4.780900000000003,-8.789501648180941,,,251.0,258.0
act,ela,pct,Wauwatosa,Wauwatosa Virtual Academy,All Students,2024-25,8.3333,33.3333,29.1667,14.5,-11.6667,-58.33350000000001,,,17.0,24.0
act,ela,pct,Wauwatosa,Vel R Phillips School,All Students,2024-25,0.0,87.5,0.0,12.2,,,,,8.0,8.0
act,ela,pct,Wauwatosa,East High,All Students,2024-25,64.8649,9.6525,3.861,21.1,5.187500000000007,8.692570386779597,,,249.0,259.0
act,ela,pct,Trans Center for Youth,Escuela Verde,All Students,2024-25,9.6774,58.0645,19.3548,13.2,-13.851999999999999,-58.87102943551472,,,25.0,31.0
act,ela,pct,South Milwaukee,South Milwaukee High,All Students,2024-25,18.75,46.25,2.5,14.3,-2.0465000000000018,-9.840598177577963,,,234.0,240.0
act,ela,pct,Shorewood,Shorewood High,All Students,2024-25,71.4286,4.2857,1.4286,21.7,13.636400000000002,23.59557172075124,,,138.0,140.0
act,ela,pct,West Allis-West Milwaukee,Central High,All Students,2024-25,27.3913,40.8696,5.6522,15.1,11.577300000000001,73.20918173770077,,,217.0,230.0
act,ela,pct,Shorewood,New Horizons for Learning,All Students,2024-25,25.0,8.3333,41.6667,19.0,25.0,,,,7.0,12.0
act,ela,pct,Seeds of Health,Tenor High,All Students,2024-25,27.7372,35.0365,0.7299,15.6,9.9953,56.337258129061716,,,136.0,137.0
act,ela,pct,Saint Francis,Saint Francis High,All Students,2024-25,23.5294,40.3361,0.8403,15.3,5.543799999999997,30.823547727070522,,,118.0,119.0
act,ela,pct,Pathways High,Pathways High,All Students,2024-25,23.3333,43.3333,3.3333,14.4,-17.843199999999996,-43.333454761818025,,,29.0,30.0
act,ela,pct,Oak Creek-Franklin Joint,Oak Creek High,All Students,2024-25,44.2029,21.1957,3.8043,18.1,-1.2177000000000007,-2.6809421275808765,,,531.0,552.0
act,ela,pct,Nicolet Union High School,Nicolet High,All Students,2024-25,61.2,11.6,4.0,21.3,-5.595399999999998,-8.376924159448107,,,240.0,250.0
act,ela,pct,Milwaukee Science Education Consortium,Milwaukee Academy of Science,All Students,2024-25,17.5,35.0,6.25,14.9,8.4091,92.5001925001925,,,75.0,80.0
act,ela,pct,Milwaukee,Wisconsin Conservatory of Lifelong Learning,All Students,2024-25,0.0,28.5714,42.8571,12.6,-6.25,-100.0,,,8.0,14.0
act,ela,pct,Seeds of Health,Veritas High,All Students,2024-25,35.2113,12.6761,0.0,17.8,10.5959,43.04581684636446,,,71.0,71.0
act,ela,pct,Milwaukee,WHS Information Technology,All Students,2024-25,1.6129,61.2903,24.1935,10.4,-3.4718,-68.27934784746397,,,47.0,62.0
act,ela,pct,West Allis-West Milwaukee,Deeper Learning Virtual Academy,All Students,2024-25,10.0,20.0,40.0,16.5,10.0,,,,6.0,10.0
act,ela,pct,West Allis-West Milwaukee,Nathan Hale High,All Students,2024-25,48.0836,17.4216,4.1812,19.2,21.371299999999998,80.00546564691172,,,275.0,287.0
act,math,pct,Milwaukee,Carmen High School of Science and Technology South Campus,All Students,2024-25,12.766,46.8085,1.0638,16.0,-5.211499999999999,-28.98901404533444,,,93.0,94.0
act,math,pct,Milwaukee,Bradley Technology High,All Students,2024-25,2.381,70.4762,7.619,13.8,-1.3032000000000004,-35.37267249334999,,,194.0,210.0
act,math,pct,Milwaukee,Bay View High,All Students,2024-25,2.7174,73.913,3.8043,14.0,0.8424,44.92800000000001,,,177.0,184.0
act,math,pct,Milwaukee,Banner Preparatory School of Milwaukee,[Data Suppressed],2024-25,,,,,,,Suppressed by DPI (whole group redacted) — not zero,fully_suppressed,,
act,math,pct,Milwaukee,Audubon Technology and Communication High,All Students,2024-25,5.0633,67.0886,3.7975,14.7,1.2170999999999998,31.644220269356758,,,76.0,79.0
act,math,pct,Milwaukee,Alliance School of Milwaukee,All Students,2024-25,8.0,48.0,36.0,14.9,-0.6957000000000004,-8.000505997217022,,,16.0,25.0
act,math,pct,Milwaukee,ASSATA High,All Students,2024-25,0.0,57.8947,42.1053,13.2,0.0,,,,11.0,19.0
act,ela,pct,West Allis-West Milwaukee,James E Dottke Project-Based Learning High School,All Students,2024-25,34.2105,23.6842,5.2632,17.7,8.629100000000005,33.73193023055816,,,36.0,38.0
act,math,pct,Greenfield,Greenfield High,All Students,2024-25,25.0,38.2143,6.0714,17.2,-12.5,-33.333333333333336,,,263.0,280.0
act,math,pct,Franklin Public,Franklin High,All Students,2024-25,57.7428,19.9475,0.7874,20.8,1.3573000000000022,2.4071791506681706,,,378.0,381.0
act,math,pct,Dr. Howard Fuller Collegiate Academy,Dr Howard Fuller Collegiate Academy,All Students,2024-25,2.2472,71.9101,5.618,14.4,2.2472,,,,84.0,89.0
act,math,pct,Cudahy,Cudahy High,All Students,2024-25,16.9492,48.0226,5.6497,15.9,-10.682399999999998,-38.660084830411556,,,167.0,177.0
act,math,pct,Central City Cyberschool of Milwaukee,Central City Cyberschool,All Students,2024-25,0.0,83.3333,16.6667,13.8,0.0,,,,15.0,18.0
act,math,pct,Brown Deer,Brown Deer Middle/High,All Students,2024-25,31.6239,37.6068,3.4188,17.4,6.623899999999999,26.495599999999996,,,113.0,117.0
act,ela,pct,Whitnall,Whitnall High,All Students,2024-25,59.8958,8.3333,8.3333,20.9,9.639400000000002,19.180442689886256,,,176.0,192.0
act,ela,pct,Whitefish Bay,Whitefish Bay High,All Students,2024-25,87.1245,3.0043,1.2876,24.6,5.760899999999992,7.080438918631904,,,230.0,233.0
act,math,pct,Greendale,Greendale High,All Students,2024-25,60.8295,13.8249,0.9217,21.4,13.852800000000002,29.48866140022608,,,215.0,217.0
act,ela,pct,Milwaukee,South Division High,All Students,2024-25,5.5866,55.8659,25.6983,11.0,4.188,299.4422994422994,,,133.0,179.0
act,ela,pct,Milwaukee,Shalom High,All Students,2024-25,0.0,50.0,44.4444,8.4,0.0,,,,10.0,18.0
act,ela,pct,Milwaukee,Riverside High,All Students,2024-25,14.0777,41.7476,14.5631,14.1,3.6816999999999993,35.414582531742965,,,176.0,206.0
act,ela,pct,Milwaukee,Carmen Middle/High School of Science and Technology Northwest Campus,All Students,2024-25,7.1429,68.5714,5.7143,12.6,5.6936,392.8517215207341,,,66.0,70.0
act,ela,pct,Milwaukee,Carmen High School of Science and Technology Southeast Campus,All Students,2024-25,18.7097,38.0645,3.871,14.8,2.7677000000000014,17.361058838288802,,,149.0,155.0
act,ela,pct,Milwaukee,Carmen High School of Science and Technology South Campus,All Students,2024-25,31.9149,18.0851,1.0638,16.8,3.8249999999999993,13.616994008522632,,,93.0,94.0
act,ela,pct,Milwaukee,Bradley Technology High,All Students,2024-25,8.0952,60.9524,7.619,12.4,0.2004999999999999,2.539678518499744,,,194.0,210.0
act,ela,pct,Milwaukee,Bay View High,All Students,2024-25,9.7826,61.413,4.3478,12.5,1.6576000000000004,20.40123076923077,,,176.0,184.0
act,ela,pct,Milwaukee,Banner Preparatory School of Milwaukee,[Data Suppressed],2024-25,,,,,,,Suppressed by DPI (whole group redacted) — not zero,fully_suppressed,,
act,ela,pct,Milwaukee,Audubon Technology and Communication High,All Students,2024-25,25.3165,41.7722,3.7975,14.9,17.624200000000002,229.1148291148291,,,76.0,79.0
act,ela,pct,Milwaukee,Golda Meir School,All Students,2024-25,65.9259,6.6667,2.2222,20.9,14.919199999999996,29.249490753175557,,,132.0,135.0
act,ela,pct,Milwaukee,Alliance School of Milwaukee,All Students,2024-25,8.0,40.0,44.0,11.4,-0.6957000000000004,-8.000505997217022,,,14.0,25.0
act,ela,pct,Greenfield,Greenfield High,All Students,2024-25,38.5714,21.7857,6.0714,17.3,-6.504400000000004,-14.429915830667461,,,263.0,280.0
act,ela,pct,Greendale,Greendale High,All Students,2024-25,62.6728,10.5991,0.9217,20.7,21.277500000000003,51.4007628885405,,,215.0,217.0
act,ela,pct,Franklin Public,Franklin High,All Students,2024-25,62.2047,11.811,0.7874,20.6,-3.3374999999999915,-5.092139110374683,,,378.0,381.0
act,ela,pct,Dr. Howard Fuller Collegiate Academy,Dr Howard Fuller Collegiate Academy,All Students,2024-25,3.3708,53.9326,5.618,12.9,-3.6467,-51.96579978624867,,,84.0,89.0
act,ela,pct,Cudahy,Cudahy High,All Students,2024-25,38.9831,27.6836,6.2147,17.0,7.4041999999999994,23.446668503336078,,,166.0,177.0
act,ela,pct,Central City Cyberschool of Milwaukee,Central City Cyberschool,All Students,2024-25,0.0,72.2222,16.6667,11.1,0.0,,,,15.0,18.0
act,ela,pct,Brown Deer,Brown Deer Middle/High,All Students,2024-25,35.0427,24.7863,3.4188,16.9,4.739700000000003,15.641025641025653,,,113.0,117.0
act,ela,pct,Milwaukee,ASSATA High,All Students,2024-25,0.0,52.6316,42.1053,10.4,0.0,,,,11.0,19.0
act,ela,pct,Milwaukee,Grandview High,All Students,2024-25,8.0645,38.7097,33.871,13.6,3.302600000000001,69.35466935466938,,,41.0,62.0
act,ela,pct,Milwaukee,Green Tree Preparatory Academy,All Students,2024-25,4.5455,59.0909,4.5455,12.1,-3.2976,-42.044599711848626,,,42.0,44.0
act,ela,pct,Milwaukee,Groppi High,All Students,2024-25,0.0,0.0,100.0,,0.0,,,,,7.0
act,ela,pct,Milwaukee,Reagan College Preparatory High,All Students,2024-25,68.2493,10.089,2.0772,20.9,-0.03640000000000043,-0.0533054504823105,,,330.0,337.0
act,ela,pct,Milwaukee,Pulaski High,All Students,2024-25,6.7039,53.6313,23.4637,11.8,2.7713,70.46991812032752,,,137.0,179.0
act,ela,pct,Milwaukee,Project STAY-Supporting Teachers and Youth,All Students,2024-25,0.0,22.6415,77.3585,9.7,0.0,,,,12.0,53.0
act,ela,pct,Milwaukee,Obama School of Career and Technical Education,All Students,2024-25,0.565,22.0339,69.4915,11.3,-2.3252,-80.45117984914539,,,54.0,177.0
act,ela,pct,Milwaukee,North Division High,All Students,2024-25,0.0,33.9286,60.7143,10.5,0.0,,,,22.0,56.0
act,ela,pct,Milwaukee,NOVA-Northwest Opportunities Vocational Academy,All Students,2024-25,4.7619,52.381,42.8571,9.2,4.7619,,,,12.0,21.0
act,ela,pct,Milwaukee,Milwaukee School of Languages,All Students,2024-25,39.8058,16.5049,5.8252,17.8,-0.9022000000000006,-2.2162719858504487,,,97.0,103.0
act,ela,pct,Milwaukee,Milwaukee High School of the Arts,All Students,2024-25,23.75,37.9167,2.5,15.3,7.2606,44.03192353875824,,,234.0,240.0
act,ela,pct,Milwaukee,Milwaukee County Youth Education Center,[Data Suppressed],2024-25,,,,,,,Suppressed by DPI (whole group redacted) — not zero,fully_suppressed,,
act,ela,pct,Milwaukee,Marshall High,All Students,2024-25,2.0833,44.7917,30.2083,11.8,1.4845,247.9124916499666,,,67.0,96.0
act,ela,pct,Milwaukee,MacDowell Montessori School K3-12,All Students,2024-25,25.9259,37.037,1.8519,15.5,9.2592,55.555088889822215,,,53.0,54.0
act,ela,pct,Milwaukee,Lad Lake Synergy School,[Data Suppressed],2024-25,,,,,,,Suppressed by DPI (whole group redacted) — not zero,fully_suppressed,,
act,ela,pct,Milwaukee,King International,All Students,2024-25,36.4821,20.8469,10.7492,17.7,-2.1143999999999963,-5.478216936768865,,,274.0,307.0
act,ela,pct,Milwaukee,James Madison Academic Campus,All Students,2024-25,3.75,66.25,18.75,11.1,1.0833,40.62324220947238,,,65.0,80.0
act,ela,pct,Milwaukee,Harold S Vincent School of Agricultural Science,All Students,2024-25,14.6341,45.122,10.9756,13.4,6.7689,86.06138432589128,,,73.0,82.0
act,ela,pct,Milwaukee,Hamilton High,All Students,2024-25,7.722,49.0347,18.5328,12.8,-0.03309999999999924,-0.4268159017936535,,,211.0,259.0
act,ela,pct,Milwaukee,HAPA-Hmong American Peace Academy K3-12,All Students,2024-25,57.4468,7.0922,0.0,19.8,5.7801000000000045,11.18728310497865,,,141.0,141.0
act,math,pct,Milwaukee,Carmen High School of Science and Technology Southeast Campus,All Students,2024-25,9.0323,52.9032,3.871,15.6,4.684499999999999,107.74414646487878,,,149.0,155.0
act,math,pct,Milwaukee,Carmen Middle/High School of Science and Technology Northwest Campus,All Students,2024-25,1.4286,72.8571,4.2857,14.9,1.4286,,,,67.0,70.0
act,math,pct,Milwaukee,Golda Meir School,All Students,2024-25,35.5556,32.5926,2.2222,18.0,-1.3571999999999989,-3.6767733685875825,,,132.0,135.0
act,math,pct,Milwaukee,Grandview High,All Students,2024-25,4.8387,46.7742,35.4839,14.6,3.2514000000000003,204.83840483840487,,,40.0,62.0
act,reading,pct,Milwaukee,Bay View High,All Students,2024-25,0.0,0.0,4.3478,14.0,0.0,,,,176.0,184.0
act,reading,pct,Milwaukee,Banner Preparatory School of Milwaukee,[Data Suppressed],2024-25,,,,,,,Suppressed by DPI (whole group redacted) — not zero,fully_suppressed,,
act,reading,pct,Milwaukee,Audubon Technology and Communication High,All Students,2024-25,0.0,0.0,3.7975,15.1,0.0,,,,76.0,79.0
act,reading,pct,Milwaukee,Alliance School of Milwaukee,All Students,2024-25,0.0,0.0,44.0,13.8,0.0,,,,14.0,25.0
act,reading,pct,Milwaukee,ASSATA High,All Students,2024-25,0.0,0.0,42.1053,13.0,0.0,,,,11.0,19.0
act,reading,pct,Greenfield,Greenfield High,All Students,2024-25,0.0,0.0,6.0714,17.9,0.0,,,,263.0,280.0
act,reading,pct,Greendale,Greendale High,All Students,2024-25,0.0,0.0,0.9217,21.4,0.0,,,,215.0,217.0
act,reading,pct,Milwaukee,Bradley Technology High,All Students,2024-25,0.0,0.0,7.619,13.9,0.0,,,,194.0,210.0
act,reading,pct,Franklin Public,Franklin High,All Students,2024-25,0.0,0.0,0.7874,20.8,0.0,,,,378.0,381.0
act,reading,pct,Cudahy,Cudahy High,All Students,2024-25,0.0,0.0,6.2147,17.9,0.0,,,,166.0,177.0
act,reading,pct,Central City Cyberschool of Milwaukee,Central City Cyberschool,All Students,2024-25,0.0,0.0,16.6667,12.1,0.0,,,,15.0,18.0
act,reading,pct,Brown Deer,Brown Deer Middle/High,All Students,2024-25,0.0,0.0,3.4188,17.9,0.0,,,,113.0,117.0
act,math,pct,Whitnall,Whitnall High,All Students,2024-25,44.7917,21.875,8.3333,20.3,-0.8492999999999995,-1.8608268881049939,,,176.0,192.0
act,math,pct,Whitefish Bay,Whitefish Bay High,All Students,2024-25,78.5408,7.7253,1.2876,25.5,-2.3682999999999907,-2.9271120306615606,,,230.0,233.0
act,math,pct,West Allis-West Milwaukee,Nathan Hale High,All Students,2024-25,34.8432,35.8885,3.8328,18.4,9.500700000000002,37.489197987570286,,,276.0,287.0
act,math,pct,West Allis-West Milwaukee,James E Dottke Project-Based Learning High School,All Students,2024-25,15.7895,52.6316,2.6316,15.8,1.8360000000000003,13.157989035009132,,,37.0,38.0
act,reading,pct,Dr. Howard Fuller Collegiate Academy,Dr Howard Fuller Collegiate Academy,All Students,2024-25,0.0,0.0,5.618,13.2,0.0,,,,84.0,89.0
act,reading,pct,Milwaukee,Carmen High School of Science and Technology South Campus,All Students,2024-25,0.0,0.0,1.0638,17.3,0.0,,,,93.0,94.0
act,reading,pct,Milwaukee,Carmen High School of Science and Technology Southeast Campus,All Students,2024-25,0.0,0.0,3.871,15.8,0.0,,,,149.0,155.0
act,reading,pct,Milwaukee,Carmen Middle/High School of Science and Technology Northwest Campus,All Students,2024-25,0.0,0.0,5.7143,14.7,0.0,,,,66.0,70.0
act,reading,pct,Milwaukee,North Division High,All Students,2024-25,0.0,0.0,60.7143,11.9,0.0,,,,22.0,56.0
act,reading,pct,Milwaukee,NOVA-Northwest Opportunities Vocational Academy,All Students,2024-25,0.0,0.0,42.8571,13.5,0.0,,,,12.0,21.0
act,reading,pct,Milwaukee,Milwaukee School of Languages,All Students,2024-25,0.0,0.0,5.8252,18.6,0.0,,,,97.0,103.0
act,reading,pct,Milwaukee,Milwaukee High School of the Arts,All Students,2024-25,0.0,0.0,2.5,16.4,0.0,,,,234.0,240.0
act,reading,pct,Milwaukee,Milwaukee County Youth Education Center,[Data Suppressed],2024-25,,,,,,,Suppressed by DPI (whole group redacted) — not zero,fully_suppressed,,
act,reading,pct,Milwaukee,Marshall High,All Students,2024-25,0.0,0.0,30.2083,13.0,0.0,,,,67.0,96.0
act,reading,pct,Milwaukee,MacDowell Montessori School K3-12,All Students,2024-25,0.0,0.0,1.8519,15.9,0.0,,,,53.0,54.0
act,reading,pct,Milwaukee,Lad Lake Synergy School,[Data Suppressed],2024-25,,,,,,,Suppressed by DPI (whole group redacted) — not zero,fully_suppressed,,
act,reading,pct,Milwaukee,King International,All Students,2024-25,0.0,0.0,10.7492,18.3,0.0,,,,274.0,307.0
act,reading,pct,Milwaukee,James Madison Academic Campus,All Students,2024-25,0.0,0.0,18.75,13.1,0.0,,,,65.0,80.0
act,reading,pct,Milwaukee,Harold S Vincent School of Agricultural Science,All Students,2024-25,0.0,0.0,10.9756,15.4,0.0,,,,73.0,82.0
act,reading,pct,Milwaukee,Hamilton High,All Students,2024-25,0.0,0.0,18.5328,14.0,0.0,,,,211.0,259.0
act,reading,pct,Milwaukee,HAPA-Hmong American Peace Academy K3-12,All Students,2024-25,0.0,0.0,0.0,19.1,0.0,,,,141.0,141.0
act,reading,pct,Milwaukee,Groppi High,All Students,2024-25,0.0,0.0,100.0,,0.0,,,,,7.0
act,reading,pct,Milwaukee,Green Tree Preparatory Academy,All Students,2024-25,0.0,0.0,4.5455,15.0,0.0,,,,42.0,44.0
act,reading,pct,Milwaukee,Grandview High,All Students,2024-25,0.0,0.0,33.871,14.3,0.0,,,,41.0,62.0
act,reading,pct,Milwaukee,Golda Meir School,All Students,2024-25,0.0,0.0,2.2222,20.8,0.0,,,,132.0,135.0
act,math,pct,West Allis-West Milwaukee,Deeper Learning Virtual Academy,All Students,2024-25,20.0,40.0,40.0,15.5,20.0,,,,6.0,10.0
act,math,pct,West Allis-West Milwaukee,Central High,All Students,2024-25,14.7826,57.3913,5.2174,15.5,-3.3569000000000013,-18.5060227679925,,,218.0,230.0
act,math,pct,Wauwatosa,Wauwatosa Virtual Academy,All Students,2024-25,0.0,58.3333,29.1667,13.7,-4.0,-100.0,,,17.0,24.0
act,math,pct,Milwaukee,Obama School of Career and Technical Education,All Students,2024-25,1.1299,25.4237,68.9266,13.6,-0.0262,-2.2662399446414683,,,55.0,177.0
act,math,pct,Milwaukee,North Division High,All Students,2024-25,0.0,35.7143,58.9286,13.4,0.0,,,,23.0,56.0
act,math,pct,Milwaukee,NOVA-Northwest Opportunities Vocational Academy,All Students,2024-25,0.0,57.1429,38.0952,13.5,-3.4483,-100.0,,,13.0,21.0
act,math,pct,Milwaukee,Milwaukee School of Languages,All Students,2024-25,22.3301,38.835,5.8252,16.7,0.2062000000000026,0.9320237390333608,,,97.0,103.0
act,math,pct,Milwaukee,Milwaukee High School of the Arts,All Students,2024-25,8.75,65.8333,2.5,14.8,4.4947,105.62592531666391,,,234.0,240.0
act,math,pct,Milwaukee,Milwaukee County Youth Education Center,[Data Suppressed],2024-25,,,,,,,Suppressed by DPI (whole group redacted) — not zero,fully_suppressed,,
act,math,pct,Milwaukee,Marshall High,All Students,2024-25,0.0,64.5833,30.2083,13.6,0.0,,,,67.0,96.0
act,math,pct,Milwaukee,Project STAY-Supporting Teachers and Youth,All Students,2024-25,0.0,20.7547,77.3585,13.8,0.0,,,,12.0,53.0
act,math,pct,Milwaukee,MacDowell Montessori School K3-12,All Students,2024-25,5.5556,61.1111,1.8519,14.9,-8.3333,-59.999712000230396,,,53.0,54.0
act,math,pct,Milwaukee,King International,All Students,2024-25,24.7557,36.8078,10.7492,17.2,4.404800000000002,21.644251605580102,,,274.0,307.0
act,math,pct,Milwaukee,James Madison Academic Campus,All Students,2024-25,0.0,70.0,18.75,12.6,-1.3333,-100.0,,,65.0,80.0
act,math,pct,Milwaukee,Harold S Vincent School of Agricultural Science,All Students,2024-25,3.6585,69.5122,10.9756,14.1,1.4113000000000002,62.80259878960486,,,73.0,82.0
act,math,pct,Milwaukee,Hamilton High,All Students,2024-25,3.4749,62.9344,17.3745,14.2,0.6177999999999999,21.623324349865246,,,214.0,259.0
act,math,pct,Milwaukee,HAPA-Hmong American Peace Academy K3-12,All Students,2024-25,46.8085,22.695,0.0,19.1,13.475200000000001,40.42564042564043,,,141.0,141.0
act,math,pct,Milwaukee,Groppi High,All Students,2024-25,0.0,0.0,100.0,,0.0,,,,,7.0
act,math,pct,Milwaukee,Green Tree Preparatory Academy,All Students,2024-25,4.5455,72.7273,4.5455,13.8,0.6238999999999995,15.909322725418185,,,42.0,44.0
act,math,pct,Milwaukee,Lad Lake Synergy School,[Data Suppressed],2024-25,,,,,,,Suppressed by DPI (whole group redacted) — not zero,fully_suppressed,,
act,math,pct,Milwaukee,Pulaski High,All Students,2024-25,0.5587,58.1006,23.4637,13.9,-0.5649,-50.275898896404414,,,137.0,179.0
act,math,pct,Milwaukee,Reagan College Preparatory High,All Students,2024-25,45.1039,20.4748,2.0772,19.2,-6.038999999999994,-11.808090663611171,,,330.0,337.0
act,math,pct,Milwaukee,Riverside High,All Students,2024-25,8.2524,56.3107,14.5631,14.6,1.8167999999999997,28.230468021629672,,,176.0,206.0
act,math,pct,Wauwatosa,Vel R Phillips School,All Students,2024-25,0.0,75.0,0.0,13.8,,,,,8.0,8.0
act,math,pct,Wauwatosa,East High,All Students,2024-25,59.0734,15.444,3.861,21.7,4.234699999999997,7.7221013627237545,,,249.0,259.0
act,math,pct,Trans Center for Youth,Escuela Verde,All Students,2024-25,6.4516,61.2903,19.3548,14.4,0.5692000000000004,9.676322589419284,,,25.0,31.0
act,math,pct,South Milwaukee,South Milwaukee High,All Students,2024-25,20.4167,46.6667,2.5,16.6,-4.804500000000001,-19.04945046230949,,,234.0,240.0
act,math,pct,Shorewood,Shorewood High,All Students,2024-25,62.8571,12.1429,1.4286,21.9,8.311600000000006,15.23792063506615,,,138.0,140.0
act,math,pct,Shorewood,New Horizons for Learning,All Students,2024-25,33.3333,8.3333,41.6667,20.9,16.666600000000003,99.99940000120003,,,7.0,12.0
act,math,pct,Seeds of Health,Veritas High,All Students,2024-25,21.1268,46.4789,0.0,16.5,-0.41169999999999973,-1.9114608723913018,,,71.0,71.0
act,math,pct,Seeds of Health,Tenor High,All Students,2024-25,10.9489,62.0438,0.7299,15.3,-3.5671999999999997,-24.57409359263163,,,136.0,137.0
act,math,pct,Saint Francis,Saint Francis High,All Students,2024-25,21.8487,44.5378,0.8403,16.5,-4.77,-17.91973311994951,,,118.0,119.0
act,math,pct,Pathways High,Pathways High,All Students,2024-25,13.3333,70.0,3.3333,14.0,-1.3726000000000003,-9.333668799597438,,,29.0,30.0
act,math,pct,Oak Creek-Franklin Joint,Oak Creek High,All Students,2024-25,43.2971,27.7174,3.8043,19.3,2.175600000000003,5.290663035151932,,,531.0,552.0
act,math,pct,Nicolet Union High School,Nicolet High,All Students,2024-25,56.4,19.6,4.0,21.6,0.8014999999999972,1.4415856542892236,,,240.0,250.0
act,math,pct,Milwaukee Science Education Consortium,Milwaukee Academy of Science,All Students,2024-25,2.5,70.0,6.25,14.3,-9.1883,-78.61108972220083,,,75.0,80.0
act,math,pct,Milwaukee,Wisconsin Conservatory of Lifelong Learning,All Students,2024-25,0.0,50.0,42.8571,14.2,-6.25,-100.0,,,8.0,14.0
act,math,pct,Milwaukee,WHS Information Technology,All Students,2024-25,0.0,67.7419,20.9677,12.9,0.0,,,,49.0,62.0
act,math,pct,Milwaukee,South Division High,All Students,2024-25,2.7933,62.0112,24.581,13.8,1.3946999999999998,99.72114972114969,,,135.0,179.0
act,math,pct,Milwaukee,Shalom High,All Students,2024-25,0.0,66.6667,27.7778,11.8,0.0,,,,13.0,18.0
act,math,pct,Wauwatosa,West High,All Students,2024-25,49.2248,25.1938,2.7132,19.9,-2.6580000000000013,-5.1230851072031625,,,251.0,258.0
