metric,unit,district,school,group,year,cohort_class,value,ext_rate,ext_timeframe,diploma,cohort_count,yoy_change,status_flag,gap_reason
hs_completion,pct,Brown Deer,Brown Deer Middle/High,All Students,2017-18,2018,95.2,96.8,7-Year rate,119.0,125.0,,,
hs_completion,pct,Nicolet Union High School,Nicolet High,All Students,2017-18,2018,96.0854,99.278,7-Year rate,270.0,281.0,,,
hs_completion,pct,Milwaukee,Groppi High,All Students,2017-18,2018,32.8571,37.6344,7-Year rate,23.0,70.0,,,
hs_completion,pct,Milwaukee,MacDowell Montessori School K3-12,All Students,2017-18,2018,75.6757,88.5714,7-Year rate,28.0,37.0,,,
hs_completion,pct,Shorewood,Shorewood High,All Students,2017-18,2018,96.1783,97.4522,7-Year rate,151.0,157.0,,,
hs_completion,pct,West Allis-West Milwaukee,Shared Journeys,All Students,2017-18,2018,88.8889,100.0,7-Year rate,8.0,9.0,,,
hs_completion,pct,Milwaukee,Wisconsin Conservatory of Lifelong Learning,All Students,2017-18,2018,38.1579,50.7692,7-Year rate,29.0,76.0,,,
hs_completion,pct,West Allis-West Milwaukee,Central High,All Students,2017-18,2018,84.252,89.1129,7-Year rate,214.0,254.0,,,
hs_completion,pct,Milwaukee,South Division High,All Students,2017-18,2018,50.974,58.4967,7-Year rate,157.0,308.0,,,
hs_completion,pct,Milwaukee,Vincent Accelerated Academy,All Students,2017-18,2018,27.0833,55.8824,7-Year rate,13.0,48.0,,,
hs_completion,pct,Milwaukee,Grandview High,All Students,2017-18,2018,33.0645,51.2,7-Year rate,41.0,124.0,,,
hs_completion,pct,Milwaukee,Milwaukee Community Cyber High,All Students,2017-18,2018,86.6667,85.2632,6-Year rate,78.0,90.0,,,
hs_completion,pct,Milwaukee,North Division High,All Students,2017-18,2018,34.0741,44.2623,7-Year rate,46.0,135.0,,,
hs_completion,pct,Milwaukee,ASSATA High,All Students,2017-18,2018,22.5,48.6486,7-Year rate,9.0,40.0,,,
hs_completion,pct,Milwaukee,Lad Lake Synergy School,All Students,2017-18,2018,33.3333,51.6129,7-Year rate,10.0,30.0,,,
hs_completion,pct,Milwaukee,Harold S Vincent School of Agricultural Science,All Students,2017-18,2018,55.5556,62.9787,7-Year rate,130.0,234.0,,,
hs_completion,pct,Milwaukee Academy of Science,Milwaukee Academy of Science,All Students,2017-18,2018,95.122,95.122,7-Year rate,39.0,41.0,,,
hs_completion,pct,Milwaukee,Obama School of Career and Technical Education,All Students,2017-18,2018,41.1765,55.4745,7-Year rate,56.0,136.0,,,
hs_completion,pct,West Allis-West Milwaukee,West Allis-West Milwaukee Learning Center,All Students,2017-18,2018,71.8121,,,107.0,149.0,,,
hs_completion,pct,Wauwatosa,West High,All Students,2017-18,2018,91.5751,94.4649,7-Year rate,250.0,273.0,,,
hs_completion,pct,Milwaukee,Marshall High,All Students,2017-18,2018,73.6402,79.8387,7-Year rate,176.0,239.0,,,
hs_completion,pct,Milwaukee,Transition High,All Students,2017-18,2018,44.2953,62.0879,7-Year rate,66.0,149.0,,,
hs_completion,pct,Wauwatosa,East High,All Students,2017-18,2018,94.5017,98.2935,7-Year rate,275.0,291.0,,,
hs_completion,pct,Milwaukee,Hamilton High,All Students,2017-18,2018,79.4686,84.7666,7-Year rate,329.0,414.0,,,
hs_completion,pct,Franklin Public,Milwaukee County Correctional Facility South,All Students,2017-18,2018,1.8519,11.1111,7-Year rate,1.0,54.0,,,
hs_completion,pct,Milwaukee,Banner Preparatory School of Milwaukee,All Students,2017-18,2018,33.3333,57.8947,7-Year rate,8.0,24.0,,,
hs_completion,pct,Milwaukee,Pulaski High,All Students,2017-18,2018,50.0,60.8871,7-Year rate,128.0,256.0,,,
hs_completion,pct,Milwaukee,Shalom High,All Students,2017-18,2018,40.5797,52.2388,7-Year rate,28.0,69.0,,,
hs_completion,pct,Milwaukee Collegiate Academy,Milwaukee Collegiate Academy,All Students,2017-18,2018,84.2105,90.9091,5-Year rate,48.0,57.0,,,
hs_completion,pct,Cudahy,Cudahy High,All Students,2017-18,2018,91.1602,93.9227,7-Year rate,165.0,181.0,,,
hs_completion,pct,South Milwaukee,South Milwaukee High,All Students,2017-18,2018,90.4321,92.9012,7-Year rate,293.0,324.0,,,
hs_completion,pct,Milwaukee,HAPA-Hmong American Peace Academy K3-12,All Students,2017-18,2018,96.9697,98.4615,7-Year rate,64.0,66.0,,,
hs_completion,pct,Milwaukee,James Madison Academic Campus,All Students,2017-18,2018,71.1207,79.2208,7-Year rate,165.0,232.0,,,
hs_completion,pct,Milwaukee,Reagan College Preparatory High,All Students,2017-18,2018,96.0656,98.3498,7-Year rate,293.0,305.0,,,
hs_completion,pct,Milwaukee,NOVA-Northwest Opportunities Vocational Academy,All Students,2017-18,2018,40.4762,59.0909,7-Year rate,17.0,42.0,,,
hs_completion,pct,Oak Creek-Franklin Joint,Oak Creek High,All Students,2017-18,2018,95.3488,97.0986,7-Year rate,492.0,516.0,,,
hs_completion,pct,Milwaukee,Audubon Technology and Communication High,All Students,2017-18,2018,73.9583,79.7872,7-Year rate,71.0,96.0,,,
hs_completion,pct,Milwaukee,South Accelerated Academy,All Students,2017-18,2018,40.625,57.5758,7-Year rate,13.0,32.0,,,
hs_completion,pct,Franklin Public,Franklin High,All Students,2017-18,2018,97.541,97.8202,7-Year rate,357.0,366.0,,,
hs_completion,pct,Whitefish Bay,Whitefish Bay High,All Students,2017-18,2018,92.3695,94.3548,7-Year rate,230.0,249.0,,,
hs_completion,pct,Milwaukee,Riverside High,All Students,2017-18,2018,89.2966,93.0599,7-Year rate,292.0,327.0,,,
hs_completion,pct,West Allis-West Milwaukee,Nathan Hale High,All Students,2017-18,2018,96.4674,98.0822,7-Year rate,355.0,368.0,,,
hs_completion,pct,Milwaukee,Carmen High School of Science and Technology South Campus,All Students,2017-18,2018,78.2609,93.9394,7-Year rate,54.0,69.0,,,
hs_completion,pct,Whitnall,Whitnall High,All Students,2017-18,2018,95.814,98.1308,7-Year rate,206.0,215.0,,,
hs_completion,pct,Milwaukee,Milwaukee School of Languages,All Students,2017-18,2018,87.2,90.9836,7-Year rate,109.0,125.0,,,
hs_completion,pct,Seeds of Health,Tenor High,All Students,2017-18,2018,98.0,98.0,7-Year rate,49.0,50.0,,,
hs_completion,pct,Milwaukee,Milwaukee High School of the Arts,All Students,2017-18,2018,88.9952,92.6829,7-Year rate,186.0,209.0,,,
hs_completion,pct,Saint Francis,Saint Francis High,All Students,2017-18,2018,91.6667,95.7447,7-Year rate,132.0,144.0,,,
hs_completion,pct,Greenfield,Greenfield High,All Students,2017-18,2018,88.3562,92.3611,7-Year rate,258.0,292.0,,,
hs_completion,pct,Milwaukee,Bradley Technology High,All Students,2017-18,2018,70.852,76.652,7-Year rate,158.0,223.0,,,
hs_completion,pct,Wauwatosa,Wauwatosa Virtual Academy,All Students,2017-18,2018,42.5,57.5,7-Year rate,17.0,40.0,,,
hs_completion,pct,Milwaukee,WHS Information Technology,All Students,2017-18,2018,57.2973,65.9341,7-Year rate,106.0,185.0,,,
hs_completion,pct,Escuela Verde,Escuela Verde,All Students,2017-18,2018,70.8333,86.3636,7-Year rate,17.0,24.0,,,
hs_completion,pct,Pathways High,Pathways High,[Data Suppressed],2017-18,2018,,,,,,,Gapped: cohort count suppressed by DPI,denominator_suppressed
hs_completion,pct,Milwaukee,Project STAY-Supporting Teachers and Youth,All Students,2017-18,2018,22.0339,47.2,7-Year rate,26.0,118.0,,,
hs_completion,pct,Milwaukee,Milwaukee County Youth Education Center,All Students,2017-18,2018,2.7027,5.0,7-Year rate,1.0,37.0,,,
hs_completion,pct,Milwaukee,Daniel Webster Secondary School,[Data Suppressed],2017-18,2018,,,,,,,Gapped: cohort count suppressed by DPI,denominator_suppressed
hs_completion,pct,Wauwatosa,Plank Road Complex,[Data Suppressed],2017-18,2018,,,,,,,Gapped: cohort count suppressed by DPI,denominator_suppressed
hs_completion,pct,Milwaukee,NOVA Tech-Northwest Opportunities Vocational Academy Technical High,All Students,2017-18,2018,51.7241,62.069,5-Year rate,15.0,29.0,,,
hs_completion,pct,Milwaukee,Bay View High,All Students,2017-18,2018,63.9175,76.1364,7-Year rate,124.0,194.0,,,
hs_completion,pct,Milwaukee,Golda Meir School,All Students,2017-18,2018,92.381,96.0784,7-Year rate,97.0,105.0,,,
hs_completion,pct,Greendale,Greendale High,All Students,2017-18,2018,96.5957,97.0213,7-Year rate,227.0,235.0,,,
hs_completion,pct,Milwaukee,Morse Mid,All Students,2017-18,2018,0.0,0.0,7-Year rate,0.0,9.0,,,
hs_completion,pct,Milwaukee,King International,All Students,2017-18,2018,95.493,96.6102,7-Year rate,339.0,355.0,,,
hs_completion,pct,Milwaukee,Carmen Middle/High School of Science and Technology Northwest Campus,All Students,2017-18,2018,73.0159,91.2281,7-Year rate,46.0,63.0,,,
hs_completion,pct,Seeds of Health,Veritas High,All Students,2017-18,2018,96.0526,96.0526,7-Year rate,73.0,76.0,,,
hs_completion,pct,Shorewood,New Horizons for Learning,All Students,2017-18,2018,100.0,100.0,7-Year rate,15.0,15.0,,,
hs_completion,pct,Milwaukee,Alliance School of Milwaukee,All Students,2017-18,2018,79.3651,81.8182,7-Year rate,50.0,63.0,,,
hs_completion,pct,Milwaukee,Milwaukee County Youth Education Center,All Students,2018-19,2019,0.0,0.0,7-Year rate,0.0,19.0,-2.7027,,
hs_completion,pct,Milwaukee,Milwaukee Community Cyber High,All Students,2018-19,2019,78.2178,86.2745,5-Year rate,79.0,101.0,-8.448900000000009,,
hs_completion,pct,Milwaukee,Milwaukee High School of the Arts,All Students,2018-19,2019,86.2944,90.0524,7-Year rate,170.0,197.0,-2.700800000000001,,
hs_completion,pct,Milwaukee,MacDowell Montessori School K3-12,All Students,2018-19,2019,85.0,92.1053,7-Year rate,34.0,40.0,9.324299999999994,,
hs_completion,pct,Milwaukee,Marshall High,All Students,2018-19,2019,76.3636,82.0175,7-Year rate,168.0,220.0,2.7234000000000123,,
hs_completion,pct,Milwaukee,Groppi High,All Students,2018-19,2019,41.2698,50.6024,7-Year rate,26.0,63.0,8.412699999999994,,
hs_completion,pct,Milwaukee,HAPA-Hmong American Peace Academy K3-12,All Students,2018-19,2019,94.4444,97.2222,7-Year rate,68.0,72.0,-2.5253000000000014,,
hs_completion,pct,Milwaukee,Harold S Vincent School of Agricultural Science,All Students,2018-19,2019,64.6512,70.4762,7-Year rate,139.0,215.0,9.095600000000005,,
hs_completion,pct,Milwaukee,Grandview High,All Students,2018-19,2019,32.7273,53.1746,7-Year rate,36.0,110.0,-0.33720000000000283,,
hs_completion,pct,Milwaukee,Hamilton High,All Students,2018-19,2019,70.8333,78.5366,7-Year rate,306.0,432.0,-8.6353,,
hs_completion,pct,Milwaukee,Carmen High School of Science and Technology South Campus,All Students,2018-19,2019,86.0759,100.0,7-Year rate,68.0,79.0,7.814999999999998,,
hs_completion,pct,Milwaukee,Bradley Technology High,All Students,2018-19,2019,80.0,85.3448,7-Year rate,192.0,240.0,9.147999999999996,,
hs_completion,pct,Milwaukee,Golda Meir School,All Students,2018-19,2019,95.6989,95.6989,7-Year rate,89.0,93.0,3.3178999999999945,,
hs_completion,pct,Milwaukee,Carmen Middle/High School of Science and Technology Northwest Campus,All Students,2018-19,2019,74.1935,94.6429,7-Year rate,46.0,62.0,1.1775999999999982,,
hs_completion,pct,Milwaukee,King International,All Students,2018-19,2019,94.9704,95.549,7-Year rate,321.0,338.0,-0.5225999999999971,,
hs_completion,pct,Milwaukee,James Madison Academic Campus,All Students,2018-19,2019,64.3777,72.1239,7-Year rate,150.0,233.0,-6.742999999999995,,
hs_completion,pct,Milwaukee,Lad Lake Synergy School,All Students,2018-19,2019,35.7143,63.3333,7-Year rate,10.0,28.0,2.3810000000000002,,
hs_completion,pct,Wauwatosa,Vel R Phillips School,[Data Suppressed],2018-19,2019,,,,,,,Gapped: cohort count suppressed by DPI,denominator_suppressed
hs_completion,pct,Milwaukee,WHS Information Technology,All Students,2018-19,2019,64.5631,69.378,7-Year rate,133.0,206.0,7.265800000000006,,
hs_completion,pct,Wauwatosa,East High,All Students,2018-19,2019,95.1493,96.9925,7-Year rate,255.0,268.0,0.6475999999999971,,
hs_completion,pct,Milwaukee,Wisconsin Conservatory of Lifelong Learning,All Students,2018-19,2019,39.3443,55.102,7-Year rate,24.0,61.0,1.186399999999999,,
hs_completion,pct,Milwaukee,South Division High,All Students,2018-19,2019,59.0909,65.8228,7-Year rate,182.0,308.0,8.116900000000001,,
hs_completion,pct,West Allis-West Milwaukee,Central High,All Students,2018-19,2019,86.166,91.2,7-Year rate,218.0,253.0,1.9140000000000015,,
hs_completion,pct,Wauwatosa,West High,All Students,2018-19,2019,93.6,97.2112,7-Year rate,234.0,250.0,2.024899999999988,,
hs_completion,pct,Milwaukee,Vincent Accelerated Academy,All Students,2018-19,2019,54.5455,63.1579,7-Year rate,30.0,55.0,27.462199999999996,,
hs_completion,pct,Wauwatosa,Wauwatosa Virtual Academy,All Students,2018-19,2019,40.0,65.3846,7-Year rate,22.0,55.0,-2.5,,
hs_completion,pct,Milwaukee,Transition High,All Students,2018-19,2019,45.9677,66.242,7-Year rate,57.0,124.0,1.6724000000000032,,
hs_completion,pct,Seeds of Health,Veritas High,All Students,2018-19,2019,100.0,100.0,7-Year rate,52.0,52.0,3.947400000000002,,
hs_completion,pct,Oak Creek-Franklin Joint,Oak Creek High,All Students,2018-19,2019,96.5909,98.2922,7-Year rate,510.0,528.0,1.2421000000000078,,
hs_completion,pct,Pathways High,Pathways High,All Students,2018-19,2019,50.0,100.0,7-Year rate,4.0,8.0,,,
hs_completion,pct,Seeds of Health,Tenor High,All Students,2018-19,2019,97.0588,95.7143,7-Year rate,66.0,68.0,-0.9411999999999949,,
hs_completion,pct,Milwaukee Collegiate Academy,Milwaukee Collegiate Academy,All Students,2018-19,2019,71.6981,,,38.0,53.0,-12.5124,,
hs_completion,pct,South Milwaukee,South Milwaukee High,All Students,2018-19,2019,92.2222,93.6803,7-Year rate,249.0,270.0,1.7900999999999954,,
hs_completion,pct,Milwaukee Academy of Science,Milwaukee Academy of Science,All Students,2018-19,2019,85.7143,88.2353,7-Year rate,30.0,35.0,-9.407700000000006,,
hs_completion,pct,Shorewood,New Horizons for Learning,All Students,2018-19,2019,100.0,100.0,7-Year rate,13.0,13.0,0.0,,
hs_completion,pct,Shorewood,Shorewood High,All Students,2018-19,2019,98.7805,98.7805,7-Year rate,162.0,164.0,2.6022000000000105,,
hs_completion,pct,Nicolet Union High School,Nicolet High,All Students,2018-19,2019,96.5157,98.951,7-Year rate,277.0,287.0,0.43029999999998836,,
hs_completion,pct,Milwaukee,North Division High,All Students,2018-19,2019,41.1765,51.4925,7-Year rate,56.0,136.0,7.102399999999996,,
hs_completion,pct,Milwaukee,Obama School of Career and Technical Education,All Students,2018-19,2019,41.8605,57.7236,7-Year rate,54.0,129.0,0.6840000000000046,,
hs_completion,pct,Milwaukee,Milwaukee School of Languages,All Students,2018-19,2019,85.8108,88.8112,7-Year rate,127.0,148.0,-1.3892000000000024,,
hs_completion,pct,Milwaukee,NOVA-Northwest Opportunities Vocational Academy,All Students,2018-19,2019,50.0,56.0,7-Year rate,23.0,46.0,9.523800000000001,,
hs_completion,pct,Milwaukee,NOVA Tech-Northwest Opportunities Vocational Academy Technical High,All Students,2018-19,2019,41.3793,,,12.0,29.0,-10.3448,,
hs_completion,pct,Milwaukee,Morse Mid,[Data Suppressed],2018-19,2019,,,,,,,Gapped: cohort count suppressed by DPI,denominator_suppressed
hs_completion,pct,Milwaukee,Project STAY-Supporting Teachers and Youth,All Students,2018-19,2019,25.1748,36.9863,7-Year rate,36.0,143.0,3.140900000000002,,
hs_completion,pct,Milwaukee,Riverside High,All Students,2018-19,2019,87.6506,90.7692,7-Year rate,291.0,332.0,-1.6460000000000008,,
hs_completion,pct,West Allis-West Milwaukee,Nathan Hale High,All Students,2018-19,2019,92.1769,94.8805,7-Year rate,271.0,294.0,-4.290499999999994,,
hs_completion,pct,Milwaukee,Shalom High,All Students,2018-19,2019,37.5,64.4444,7-Year rate,18.0,48.0,-3.0797000000000025,,
hs_completion,pct,Milwaukee,South Accelerated Academy,All Students,2018-19,2019,48.1481,58.6957,7-Year rate,26.0,54.0,7.5230999999999995,,
hs_completion,pct,West Allis-West Milwaukee,James E Dottke Project-Based Learning High School,All Students,2018-19,2019,74.2647,79.2593,7-Year rate,101.0,136.0,,,
hs_completion,pct,Milwaukee,Reagan College Preparatory High,All Students,2018-19,2019,95.3795,97.6744,7-Year rate,289.0,303.0,-0.6861000000000104,,
hs_completion,pct,Whitefish Bay,Whitefish Bay High,All Students,2018-19,2019,96.4602,97.7876,7-Year rate,218.0,226.0,4.090699999999998,,
hs_completion,pct,Whitnall,Whitnall High,All Students,2018-19,2019,97.1698,97.1698,7-Year rate,206.0,212.0,1.3558000000000021,,
hs_completion,pct,West Allis-West Milwaukee,Shared Journeys,All Students,2018-19,2019,87.5,100.0,7-Year rate,7.0,8.0,-1.3889000000000067,,
hs_completion,pct,Milwaukee,Pulaski High,All Students,2018-19,2019,58.7719,67.1171,7-Year rate,134.0,228.0,8.771900000000002,,
hs_completion,pct,Saint Francis,Saint Francis High,All Students,2018-19,2019,95.1389,98.5915,7-Year rate,137.0,144.0,3.472200000000001,,
hs_completion,pct,Cudahy,Cudahy High,All Students,2018-19,2019,91.2791,95.9064,7-Year rate,157.0,172.0,0.11889999999999645,,
hs_completion,pct,Franklin Public,Franklin High,All Students,2018-19,2019,98.2097,99.2327,7-Year rate,384.0,391.0,0.6687000000000012,,
hs_completion,pct,Milwaukee,Bay View High,All Students,2018-19,2019,70.5069,83.3333,7-Year rate,153.0,217.0,6.589400000000005,,
hs_completion,pct,Brown Deer,Brown Deer Middle/High,All Students,2018-19,2019,95.3846,96.124,7-Year rate,124.0,130.0,0.1846000000000032,,
hs_completion,pct,Greenfield,Greenfield High,All Students,2018-19,2019,92.5094,96.6292,7-Year rate,247.0,267.0,4.153199999999998,,
hs_completion,pct,Escuela Verde,Escuela Verde,All Students,2018-19,2019,86.8421,94.4444,7-Year rate,33.0,38.0,16.008800000000008,,
hs_completion,pct,Milwaukee,Alliance School of Milwaukee,All Students,2018-19,2019,62.0,70.3704,7-Year rate,31.0,50.0,-17.365099999999998,,
hs_completion,pct,Milwaukee,Audubon Technology and Communication High,All Students,2018-19,2019,92.6829,93.8272,7-Year rate,76.0,82.0,18.72460000000001,,
hs_completion,pct,Milwaukee,ASSATA High,All Students,2018-19,2019,15.7895,31.25,7-Year rate,6.0,38.0,-6.7105,,
hs_completion,pct,Milwaukee,Banner Preparatory School of Milwaukee,All Students,2018-19,2019,56.0,65.2174,7-Year rate,14.0,25.0,22.6667,,
hs_completion,pct,Franklin Public,Milwaukee County Correctional Facility South,All Students,2018-19,2019,2.5641,11.6279,7-Year rate,1.0,39.0,0.7121999999999997,,
hs_completion,pct,Greendale,Greendale High,All Students,2018-19,2019,96.4602,98.6607,7-Year rate,218.0,226.0,-0.1354999999999933,,
hs_completion,pct,Milwaukee,MacDowell Montessori School K3-12,All Students,2019-20,2020,91.4894,97.8261,7-Year rate,43.0,47.0,6.489400000000003,,
hs_completion,pct,Milwaukee,ASSATA High,All Students,2019-20,2020,27.027,57.7778,7-Year rate,10.0,37.0,11.2375,,
hs_completion,pct,Wauwatosa,West High,All Students,2019-20,2020,97.9094,98.9547,7-Year rate,281.0,287.0,4.309400000000011,,
hs_completion,pct,Whitefish Bay,Whitefish Bay High,All Students,2019-20,2020,97.235,99.0783,7-Year rate,211.0,217.0,0.774799999999999,,
hs_completion,pct,Saint Francis,Saint Francis High,All Students,2019-20,2020,96.1832,98.4733,7-Year rate,126.0,131.0,1.0442999999999927,,
hs_completion,pct,West Allis-West Milwaukee,Central High,All Students,2019-20,2020,92.5234,94.8598,7-Year rate,198.0,214.0,6.357399999999998,,
hs_completion,pct,Milwaukee,Marshall High,All Students,2019-20,2020,65.9016,72.459,7-Year rate,201.0,305.0,-10.462000000000003,,
hs_completion,pct,Franklin Public,Franklin High,All Students,2019-20,2020,97.4648,98.3146,7-Year rate,346.0,355.0,-0.7449000000000012,,
hs_completion,pct,Milwaukee,South Division High,All Students,2019-20,2020,58.0128,65.6566,7-Year rate,181.0,312.0,-1.0780999999999992,,
hs_completion,pct,Wauwatosa,Wauwatosa Virtual Academy,All Students,2019-20,2020,54.0,64.5833,7-Year rate,27.0,50.0,14.0,,
hs_completion,pct,Milwaukee,Audubon Technology and Communication High,All Students,2019-20,2020,78.0488,88.3117,7-Year rate,64.0,82.0,-14.634100000000004,,
hs_completion,pct,Milwaukee,Project STAY-Supporting Teachers and Youth,All Students,2019-20,2020,17.6471,38.5621,7-Year rate,27.0,153.0,-7.527700000000003,,
hs_completion,pct,Whitnall,Whitnall High,All Students,2019-20,2020,97.0443,98.5222,7-Year rate,197.0,203.0,-0.12549999999998818,,
hs_completion,pct,Milwaukee,Transition High,All Students,2019-20,2020,53.4653,68.1818,7-Year rate,54.0,101.0,7.4975999999999985,,
hs_completion,pct,Milwaukee,Alliance School of Milwaukee,All Students,2019-20,2020,57.1429,69.2308,7-Year rate,36.0,63.0,-4.857100000000003,,
hs_completion,pct,Milwaukee,Lad Lake Synergy School,All Students,2019-20,2020,41.3793,58.6207,7-Year rate,12.0,29.0,5.664999999999999,,
hs_completion,pct,Milwaukee,Obama School of Career and Technical Education,All Students,2019-20,2020,47.0149,59.2857,7-Year rate,63.0,134.0,5.154399999999995,,
hs_completion,pct,Franklin Public,Milwaukee County Correctional Facility South,All Students,2019-20,2020,7.8947,14.6341,7-Year rate,3.0,38.0,5.3306000000000004,,
hs_completion,pct,Milwaukee,Riverside High,All Students,2019-20,2020,88.4848,91.9003,7-Year rate,292.0,330.0,0.8342000000000098,,
hs_completion,pct,Milwaukee,Shalom High,All Students,2019-20,2020,43.75,56.6038,7-Year rate,21.0,48.0,6.25,,
hs_completion,pct,Milwaukee,NOVA-Northwest Opportunities Vocational Academy,All Students,2019-20,2020,59.0909,64.5833,7-Year rate,26.0,44.0,9.090899999999998,,
hs_completion,pct,West Allis-West Milwaukee,Shared Journeys,[Data Suppressed],2019-20,2020,,,,,,,Gapped: cohort count suppressed by DPI,denominator_suppressed
hs_completion,pct,Milwaukee,Milwaukee High School of the Arts,All Students,2019-20,2020,89.1509,90.9953,7-Year rate,189.0,212.0,2.856499999999997,,
hs_completion,pct,Milwaukee,Reagan College Preparatory High,All Students,2019-20,2020,97.01,98.6667,7-Year rate,292.0,301.0,1.630500000000012,,
hs_completion,pct,Greendale,Greendale High,All Students,2019-20,2020,94.6188,96.3964,7-Year rate,211.0,223.0,-1.8414000000000073,,
hs_completion,pct,West Allis-West Milwaukee,Nathan Hale High,All Students,2019-20,2020,94.4649,97.417,7-Year rate,256.0,271.0,2.2879999999999967,,
hs_completion,pct,Escuela Verde,Escuela Verde,All Students,2019-20,2020,73.0769,95.8333,6-Year rate,19.0,26.0,-13.765200000000007,,
hs_completion,pct,Milwaukee,Milwaukee School of Languages,All Students,2019-20,2020,92.0354,93.6937,7-Year rate,104.0,113.0,6.224599999999995,,
hs_completion,pct,Milwaukee,South Accelerated Academy,All Students,2019-20,2020,60.5263,58.5366,7-Year rate,23.0,38.0,12.3782,,
hs_completion,pct,Milwaukee,Milwaukee County Youth Education Center,All Students,2019-20,2020,0.0,11.1111,7-Year rate,0.0,12.0,0.0,,
hs_completion,pct,Milwaukee,Milwaukee Community Cyber High,All Students,2019-20,2020,67.5676,,,75.0,111.0,-10.650199999999998,,
hs_completion,pct,Milwaukee,Pulaski High,All Students,2019-20,2020,56.8905,63.986,7-Year rate,161.0,283.0,-1.8813999999999993,,
hs_completion,pct,Milwaukee,North Division High,All Students,2019-20,2020,44.7619,54.902,7-Year rate,47.0,105.0,3.5854,,
hs_completion,pct,Greenfield,Greenfield High,All Students,2019-20,2020,94.0141,96.8085,7-Year rate,267.0,284.0,1.5046999999999997,,
hs_completion,pct,West Allis-West Milwaukee,James E Dottke Project-Based Learning High School,All Students,2019-20,2020,80.9524,85.3659,7-Year rate,102.0,126.0,6.687699999999992,,
hs_completion,pct,Milwaukee,Vincent Accelerated Academy,All Students,2019-20,2020,57.1429,68.1818,7-Year rate,24.0,42.0,2.5974000000000004,,
hs_completion,pct,Milwaukee,Groppi High,All Students,2019-20,2020,30.4348,48.3146,7-Year rate,21.0,69.0,-10.834999999999997,,
hs_completion,pct,Cudahy,Cudahy High,All Students,2019-20,2020,87.5,91.4573,7-Year rate,175.0,200.0,-3.7790999999999997,,
hs_completion,pct,Shorewood,Shorewood High,All Students,2019-20,2020,98.0263,100.0,7-Year rate,149.0,152.0,-0.7541999999999973,,
hs_completion,pct,Milwaukee Academy of Science,Milwaukee Academy of Science,All Students,2019-20,2020,86.9565,87.234,6-Year rate,40.0,46.0,1.242200000000011,,
hs_completion,pct,Pathways High,Pathways High,All Students,2019-20,2020,26.6667,93.75,7-Year rate,4.0,15.0,-23.3333,,
hs_completion,pct,Milwaukee,Carmen High School of Science and Technology Southeast Campus,All Students,2019-20,2020,88.3562,99.3151,7-Year rate,129.0,146.0,,,
hs_completion,pct,Milwaukee,HAPA-Hmong American Peace Academy K3-12,All Students,2019-20,2020,100.0,100.0,7-Year rate,64.0,64.0,5.555599999999998,,
hs_completion,pct,South Milwaukee,South Milwaukee High,All Students,2019-20,2020,87.234,89.3617,7-Year rate,246.0,282.0,-4.988200000000006,,
hs_completion,pct,Brown Deer,Brown Deer Middle/High,All Students,2019-20,2020,95.4198,96.1832,7-Year rate,125.0,131.0,0.03519999999998902,,
hs_completion,pct,Milwaukee,Golda Meir School,All Students,2019-20,2020,99.0566,99.0566,7-Year rate,105.0,106.0,3.3577000000000083,,
hs_completion,pct,Shorewood,New Horizons for Learning,All Students,2019-20,2020,90.0,90.0,7-Year rate,9.0,10.0,-10.0,,
hs_completion,pct,Oak Creek-Franklin Joint,Oak Creek High,All Students,2019-20,2020,95.6,98.1964,7-Year rate,478.0,500.0,-0.9909000000000106,,
hs_completion,pct,Nicolet Union High School,Nicolet High,All Students,2019-20,2020,97.1311,99.1803,7-Year rate,237.0,244.0,0.6154000000000082,,
hs_completion,pct,Milwaukee,Carmen Middle/High School of Science and Technology Northwest Campus,All Students,2019-20,2020,75.3247,95.8904,7-Year rate,58.0,77.0,1.1312000000000069,,
hs_completion,pct,Milwaukee,Banner Preparatory School of Milwaukee,All Students,2019-20,2020,51.8519,62.5,7-Year rate,14.0,27.0,-4.1480999999999995,,
hs_completion,pct,Milwaukee,Grandview High,All Students,2019-20,2020,44.0,50.7353,7-Year rate,55.0,125.0,11.2727,,
hs_completion,pct,Seeds of Health,Veritas High,All Students,2019-20,2020,96.0784,98.0,7-Year rate,49.0,51.0,-3.921599999999998,,
hs_completion,pct,Milwaukee,Bay View High,All Students,2019-20,2020,65.625,71.8085,7-Year rate,126.0,192.0,-4.881900000000002,,
hs_completion,pct,Milwaukee,WHS Information Technology,All Students,2019-20,2020,46.114,59.6685,7-Year rate,89.0,193.0,-18.44910000000001,,
hs_completion,pct,Milwaukee,James Madison Academic Campus,All Students,2019-20,2020,65.8986,73.5849,7-Year rate,143.0,217.0,1.5208999999999975,,
hs_completion,pct,Milwaukee,Bradley Technology High,All Students,2019-20,2020,60.9053,71.3675,7-Year rate,148.0,243.0,-19.094700000000003,,
hs_completion,pct,Milwaukee,King International,All Students,2019-20,2020,93.1694,95.5801,7-Year rate,341.0,366.0,-1.801000000000002,,
hs_completion,pct,Milwaukee,Carmen High School of Science and Technology South Campus,All Students,2019-20,2020,78.0822,100.0,7-Year rate,57.0,73.0,-7.993700000000004,,
hs_completion,pct,Dr. Howard Fuller Collegiate Academy,Dr Howard Fuller Collegiate Academy,All Students,2019-20,2020,83.0769,87.5,7-Year rate,54.0,65.0,,,
hs_completion,pct,Milwaukee,Hamilton High,All Students,2019-20,2020,62.0525,74.0,7-Year rate,260.0,419.0,-8.780799999999992,,
hs_completion,pct,Wauwatosa,Vel R Phillips School,[Data Suppressed],2019-20,2020,,,,,,,Gapped: cohort count suppressed by DPI,denominator_suppressed
hs_completion,pct,Seeds of Health,Tenor High,All Students,2019-20,2020,97.7778,88.7097,7-Year rate,44.0,45.0,0.7189999999999941,,
hs_completion,pct,Milwaukee,Wisconsin Conservatory of Lifelong Learning,All Students,2019-20,2020,48.0,57.4468,7-Year rate,24.0,50.0,8.655700000000003,,
hs_completion,pct,Wauwatosa,East High,All Students,2019-20,2020,96.1686,98.8462,7-Year rate,251.0,261.0,1.0193000000000012,,
hs_completion,pct,Milwaukee,Harold S Vincent School of Agricultural Science,All Students,2019-20,2020,55.5066,64.5,7-Year rate,126.0,227.0,-9.144600000000004,,
hs_completion,pct,Oak Creek-Franklin Joint,Oak Creek High,All Students,2020-21,2021,94.2085,96.3391,7-Year rate,488.0,518.0,-1.3914999999999935,,
hs_completion,pct,Milwaukee,Project STAY-Supporting Teachers and Youth,All Students,2020-21,2021,8.0808,26.0,7-Year rate,8.0,99.0,-9.566299999999998,,
hs_completion,pct,Seeds of Health,Veritas High,All Students,2020-21,2021,95.5224,98.4615,7-Year rate,64.0,67.0,-0.5559999999999974,,
hs_completion,pct,Milwaukee,Reagan College Preparatory High,All Students,2020-21,2021,98.0769,98.6264,7-Year rate,357.0,364.0,1.0668999999999897,,
hs_completion,pct,Saint Francis,Saint Francis High,All Students,2020-21,2021,90.1786,91.1504,7-Year rate,101.0,112.0,-6.004599999999996,,
hs_completion,pct,Whitefish Bay,Whitefish Bay High,All Students,2020-21,2021,95.4717,97.3585,7-Year rate,253.0,265.0,-1.763300000000001,,
hs_completion,pct,Franklin Public,Franklin High,All Students,2020-21,2021,96.4824,98.2412,7-Year rate,384.0,398.0,-0.9823999999999984,,
hs_completion,pct,Seeds of Health,Tenor High,All Students,2020-21,2021,79.0,85.8491,7-Year rate,79.0,100.0,-18.7778,,
hs_completion,pct,Pathways High,Pathways High,All Students,2020-21,2021,38.2353,93.9394,7-Year rate,13.0,34.0,11.568600000000004,,
hs_completion,pct,Milwaukee,Pulaski High,All Students,2020-21,2021,48.1061,59.5041,7-Year rate,127.0,264.0,-8.784400000000005,,
hs_completion,pct,West Allis-West Milwaukee,Shared Journeys,[Data Suppressed],2020-21,2021,,,,,,,Gapped: cohort count suppressed by DPI,denominator_suppressed
hs_completion,pct,Milwaukee,Wisconsin Conservatory of Lifelong Learning,All Students,2020-21,2021,27.5,39.3939,7-Year rate,11.0,40.0,-20.5,,
hs_completion,pct,Wauwatosa,East High,All Students,2020-21,2021,97.1519,99.0536,7-Year rate,307.0,316.0,0.9832999999999998,,
hs_completion,pct,Wauwatosa,West High,All Students,2020-21,2021,91.9492,95.7627,7-Year rate,217.0,236.0,-5.9602,,
hs_completion,pct,Milwaukee,South Division High,All Students,2020-21,2021,48.8263,59.596,7-Year rate,104.0,213.0,-9.186499999999995,,
hs_completion,pct,Milwaukee,WHS Information Technology,All Students,2020-21,2021,50.2994,63.8554,7-Year rate,84.0,167.0,4.185400000000001,,
hs_completion,pct,Wauwatosa,Vel R Phillips School,All Students,2020-21,2021,0.0,0.0,7-Year rate,0.0,10.0,,,
hs_completion,pct,Milwaukee,Vincent Accelerated Academy,All Students,2020-21,2021,60.4651,73.7705,7-Year rate,26.0,43.0,3.3222000000000023,,
hs_completion,pct,Dr. Howard Fuller Collegiate Academy,Dr Howard Fuller Collegiate Academy,All Students,2020-21,2021,47.1074,93.2773,7-Year rate,57.0,121.0,-35.9695,,
hs_completion,pct,Wauwatosa,Wauwatosa Virtual Academy,All Students,2020-21,2021,43.1373,56.25,7-Year rate,22.0,51.0,-10.862699999999997,,
hs_completion,pct,Milwaukee,Transition High,All Students,2020-21,2021,43.75,56.1404,7-Year rate,28.0,64.0,-9.7153,,
hs_completion,pct,Shorewood,New Horizons for Learning,All Students,2020-21,2021,92.3077,100.0,7-Year rate,12.0,13.0,2.307699999999997,,
hs_completion,pct,Nicolet Union High School,Nicolet High,All Students,2020-21,2021,96.6038,98.4848,7-Year rate,256.0,265.0,-0.5272999999999968,,
hs_completion,pct,Milwaukee,Riverside High,All Students,2020-21,2021,72.7829,81.9398,7-Year rate,238.0,327.0,-15.701900000000009,,
hs_completion,pct,Brown Deer,Brown Deer Middle/High,All Students,2020-21,2021,94.9153,96.6102,7-Year rate,112.0,118.0,-0.5044999999999931,,
hs_completion,pct,Escuela Verde,Escuela Verde,All Students,2020-21,2021,60.6061,80.6452,5-Year rate,20.0,33.0,-12.470799999999997,,
hs_completion,pct,West Allis-West Milwaukee,Nathan Hale High,All Students,2020-21,2021,94.7368,97.0297,7-Year rate,288.0,304.0,0.27190000000000225,,
hs_completion,pct,Milwaukee,Shalom High,All Students,2020-21,2021,31.1111,52.0833,7-Year rate,14.0,45.0,-12.6389,,
hs_completion,pct,Cudahy,Cudahy High,All Students,2020-21,2021,91.0995,93.1937,7-Year rate,174.0,191.0,3.599500000000006,,
hs_completion,pct,Milwaukee,South Accelerated Academy,All Students,2020-21,2021,28.0,67.8571,7-Year rate,7.0,25.0,-32.5263,,
hs_completion,pct,West Allis-West Milwaukee,Central High,All Students,2020-21,2021,84.5494,90.2222,7-Year rate,197.0,233.0,-7.9739999999999895,,
hs_completion,pct,South Milwaukee,South Milwaukee High,All Students,2020-21,2021,90.9091,93.4545,7-Year rate,250.0,275.0,3.6751000000000005,,
hs_completion,pct,Milwaukee Academy of Science,Milwaukee Academy of Science,All Students,2020-21,2021,85.7143,90.2439,5-Year rate,36.0,42.0,-1.242200000000011,,
hs_completion,pct,Central City Cyberschool of Milwaukee,Central City Cyberschool,[Data Suppressed],2020-21,2021,,,,,,,Gapped: cohort count suppressed by DPI,denominator_suppressed
hs_completion,pct,West Allis-West Milwaukee,James E Dottke Project-Based Learning High School,All Students,2020-21,2021,78.5714,85.4369,7-Year rate,77.0,98.0,-2.3810000000000002,,
hs_completion,pct,Shorewood,Shorewood High,All Students,2020-21,2021,97.9592,100.0,7-Year rate,144.0,147.0,-0.0671000000000106,,
hs_completion,pct,Milwaukee,King International,All Students,2020-21,2021,92.7374,96.8571,7-Year rate,332.0,358.0,-0.43200000000000216,,
hs_completion,pct,Milwaukee,James Madison Academic Campus,All Students,2020-21,2021,69.1542,76.1905,7-Year rate,139.0,201.0,3.255600000000001,,
hs_completion,pct,Milwaukee,Harold S Vincent School of Agricultural Science,All Students,2020-21,2021,43.7811,60.479,7-Year rate,88.0,201.0,-11.725499999999997,,
hs_completion,pct,Milwaukee,Hamilton High,All Students,2020-21,2021,53.3333,65.4952,7-Year rate,184.0,345.0,-8.7192,,
hs_completion,pct,Milwaukee,Audubon Technology and Communication High,All Students,2020-21,2021,68.5393,78.8235,7-Year rate,61.0,89.0,-9.509500000000003,,
hs_completion,pct,Milwaukee,MacDowell Montessori School K3-12,All Students,2020-21,2021,80.7018,89.2857,7-Year rate,46.0,57.0,-10.787599999999998,,
hs_completion,pct,Milwaukee,ASSATA High,All Students,2020-21,2021,38.2353,72.2222,7-Year rate,13.0,34.0,11.208300000000001,,
hs_completion,pct,Milwaukee,Marshall High,All Students,2020-21,2021,62.1469,76.7372,7-Year rate,220.0,354.0,-3.7546999999999997,,
hs_completion,pct,Milwaukee,Alliance School of Milwaukee,All Students,2020-21,2021,51.0638,60.8696,7-Year rate,24.0,47.0,-6.079099999999997,,
hs_completion,pct,Milwaukee,Lad Lake Synergy School,All Students,2020-21,2021,80.9524,79.1667,7-Year rate,17.0,21.0,39.5731,,
hs_completion,pct,Milwaukee,Carmen High School of Science and Technology Southeast Campus,All Students,2020-21,2021,88.9571,95.5414,7-Year rate,145.0,163.0,0.6008999999999958,,
hs_completion,pct,Milwaukee,Carmen Middle/High School of Science and Technology Northwest Campus,All Students,2020-21,2021,83.7838,95.7143,7-Year rate,62.0,74.0,8.459099999999992,,
hs_completion,pct,Milwaukee,Carmen High School of Science and Technology South Campus,All Students,2020-21,2021,84.2105,98.8889,7-Year rate,80.0,95.0,6.128299999999996,,
hs_completion,pct,Milwaukee,Bay View High,All Students,2020-21,2021,53.3333,66.1017,7-Year rate,104.0,195.0,-12.291699999999999,,
hs_completion,pct,Milwaukee,Bradley Technology High,All Students,2020-21,2021,66.6667,76.0766,7-Year rate,142.0,213.0,5.761400000000009,,
hs_completion,pct,Milwaukee,Groppi High,All Students,2020-21,2021,15.493,37.1681,7-Year rate,11.0,71.0,-14.941799999999999,,
hs_completion,pct,Milwaukee,HAPA-Hmong American Peace Academy K3-12,All Students,2020-21,2021,91.2088,94.4444,7-Year rate,83.0,91.0,-8.791200000000003,,
hs_completion,pct,Milwaukee,Green Tree Preparatory Academy,[Data Suppressed],2020-21,2021,,,,,,,Gapped: cohort count suppressed by DPI,denominator_suppressed
hs_completion,pct,Milwaukee,Banner Preparatory School of Milwaukee,All Students,2020-21,2021,61.5385,71.4286,7-Year rate,8.0,13.0,9.686599999999999,,
hs_completion,pct,Milwaukee,Golda Meir School,All Students,2020-21,2021,86.7925,92.9293,7-Year rate,92.0,106.0,-12.2641,,
hs_completion,pct,Milwaukee,Grandview High,All Students,2020-21,2021,22.1239,50.6849,7-Year rate,25.0,113.0,-21.8761,,
hs_completion,pct,Milwaukee,Milwaukee School of Languages,All Students,2020-21,2021,85.8108,90.9091,7-Year rate,127.0,148.0,-6.224599999999995,,
hs_completion,pct,Greendale,Greendale High,All Students,2020-21,2021,85.1852,87.963,7-Year rate,184.0,216.0,-9.433599999999998,,
hs_completion,pct,Milwaukee,Milwaukee High School of the Arts,All Students,2020-21,2021,88.9474,91.9786,7-Year rate,169.0,190.0,-0.20349999999999113,,
hs_completion,pct,Franklin Public,Milwaukee County Correctional Facility South,All Students,2020-21,2021,3.8462,7.5,6-Year rate,1.0,26.0,-4.048500000000001,,
hs_completion,pct,Milwaukee,Obama School of Career and Technical Education,All Students,2020-21,2021,30.5085,38.9313,7-Year rate,36.0,118.0,-16.506399999999996,,
hs_completion,pct,Whitnall,Whitnall High,All Students,2020-21,2021,96.0784,99.5098,7-Year rate,196.0,204.0,-0.9659000000000049,,
hs_completion,pct,Milwaukee,NOVA-Northwest Opportunities Vocational Academy,All Students,2020-21,2021,36.5079,53.0303,7-Year rate,23.0,63.0,-22.583,,
hs_completion,pct,Milwaukee,North Division High,All Students,2020-21,2021,30.0971,41.1765,7-Year rate,31.0,103.0,-14.664799999999996,,
hs_completion,pct,Milwaukee,Milwaukee County Youth Education Center,[Data Suppressed],2020-21,2021,,,,,,,Gapped: cohort count suppressed by DPI,denominator_suppressed
hs_completion,pct,Greenfield,Greenfield High,All Students,2020-21,2021,91.5441,94.4853,7-Year rate,249.0,272.0,-2.469999999999999,,
hs_completion,pct,Brown Deer,Brown Deer Middle/High,All Students,2021-22,2022,95.1613,95.9677,7-Year rate,118.0,124.0,0.2459999999999951,,
hs_completion,pct,Milwaukee,Golda Meir School,All Students,2021-22,2022,95.9016,98.3333,7-Year rate,117.0,122.0,9.109099999999998,,
hs_completion,pct,Milwaukee,Carmen Middle/High School of Science and Technology Northwest Campus,All Students,2021-22,2022,75.2809,89.1566,7-Year rate,67.0,89.0,-8.502899999999997,,
hs_completion,pct,Milwaukee,North Division High,All Students,2021-22,2022,48.4848,53.7879,7-Year rate,64.0,132.0,18.3877,,
hs_completion,pct,Milwaukee,Pulaski High,All Students,2021-22,2022,49.3976,62.8205,7-Year rate,123.0,249.0,1.2914999999999992,,
hs_completion,pct,Milwaukee,NOVA-Northwest Opportunities Vocational Academy,All Students,2021-22,2022,47.2222,67.5,7-Year rate,17.0,36.0,10.714300000000001,,
hs_completion,pct,Milwaukee,Grandview High,All Students,2021-22,2022,27.1318,60.1227,7-Year rate,35.0,129.0,5.007899999999999,,
hs_completion,pct,Nicolet Union High School,Nicolet High,All Students,2021-22,2022,97.9021,99.3007,7-Year rate,280.0,286.0,1.2982999999999976,,
hs_completion,pct,Milwaukee,South Division High,All Students,2021-22,2022,50.9901,64.5833,7-Year rate,103.0,202.0,2.163799999999995,,
hs_completion,pct,Milwaukee,Banner Preparatory School of Milwaukee,All Students,2021-22,2022,21.4286,,,3.0,14.0,-40.109899999999996,,
hs_completion,pct,Milwaukee,Project STAY-Supporting Teachers and Youth,All Students,2021-22,2022,15.2542,45.9459,7-Year rate,9.0,59.0,7.173400000000001,,
hs_completion,pct,Milwaukee,Carmen High School of Science and Technology South Campus,All Students,2021-22,2022,78.4946,89.8876,7-Year rate,73.0,93.0,-5.715899999999991,,
hs_completion,pct,Milwaukee,Bradley Technology High,All Students,2021-22,2022,70.5628,80.4348,7-Year rate,163.0,231.0,3.89609999999999,,
hs_completion,pct,Milwaukee,Bay View High,All Students,2021-22,2022,49.3023,64.3617,7-Year rate,106.0,215.0,-4.030999999999999,,
hs_completion,pct,Pathways High,Pathways High,All Students,2021-22,2022,40.7407,100.0,7-Year rate,11.0,27.0,2.5053999999999945,,
hs_completion,pct,Milwaukee,Obama School of Career and Technical Education,All Students,2021-22,2022,43.7126,51.8072,7-Year rate,73.0,167.0,13.2041,,
hs_completion,pct,Milwaukee,MacDowell Montessori School K3-12,All Students,2021-22,2022,76.3636,84.6154,7-Year rate,42.0,55.0,-4.3382000000000005,,
hs_completion,pct,Oak Creek-Franklin Joint,Oak Creek High,All Students,2021-22,2022,96.8284,98.4991,7-Year rate,519.0,536.0,2.6199000000000012,,
hs_completion,pct,Franklin Public,Franklin High,All Students,2021-22,2022,96.9466,98.9796,7-Year rate,381.0,393.0,0.4642000000000053,,
hs_completion,pct,Milwaukee,South Accelerated Academy,All Students,2021-22,2022,55.8824,63.4146,7-Year rate,19.0,34.0,27.882399999999997,,
hs_completion,pct,Milwaukee,Marshall High,All Students,2021-22,2022,49.4915,59.7826,7-Year rate,146.0,295.0,-12.6554,,
hs_completion,pct,Milwaukee,Carmen High School of Science and Technology Southeast Campus,All Students,2021-22,2022,87.3494,94.2675,7-Year rate,145.0,166.0,-1.6076999999999941,,
hs_completion,pct,Milwaukee,Milwaukee High School of the Arts,All Students,2021-22,2022,91.2037,92.9907,7-Year rate,197.0,216.0,2.256299999999996,,
hs_completion,pct,Milwaukee,Transition High,All Students,2021-22,2022,60.4938,75.2066,7-Year rate,49.0,81.0,16.7438,,
hs_completion,pct,Milwaukee,WHS Information Technology,All Students,2021-22,2022,38.6207,54.0741,7-Year rate,56.0,145.0,-11.6787,,
hs_completion,pct,Milwaukee,Lad Lake Synergy School,All Students,2021-22,2022,47.0588,66.6667,7-Year rate,8.0,17.0,-33.8936,,
hs_completion,pct,Milwaukee,Audubon Technology and Communication High,All Students,2021-22,2022,67.5,78.3784,7-Year rate,54.0,80.0,-1.0392999999999972,,
hs_completion,pct,Milwaukee,Riverside High,All Students,2021-22,2022,76.0274,84.4203,7-Year rate,222.0,292.0,3.244500000000002,,
hs_completion,pct,Milwaukee,James Madison Academic Campus,All Students,2021-22,2022,72.0183,77.2093,7-Year rate,157.0,218.0,2.8640999999999934,,
hs_completion,pct,Milwaukee,Shalom High,All Students,2021-22,2022,43.6364,53.8462,7-Year rate,24.0,55.0,12.525300000000001,,
hs_completion,pct,Milwaukee,Vincent Accelerated Academy,All Students,2021-22,2022,87.037,88.0597,7-Year rate,47.0,54.0,26.571900000000007,,
hs_completion,pct,Milwaukee,King International,All Students,2021-22,2022,90.4899,94.3787,7-Year rate,314.0,347.0,-2.247499999999988,,
hs_completion,pct,Dr. Howard Fuller Collegiate Academy,Dr Howard Fuller Collegiate Academy,All Students,2021-22,2022,61.2903,67.7419,7-Year rate,19.0,31.0,14.182900000000004,,
hs_completion,pct,Milwaukee,Alliance School of Milwaukee,All Students,2021-22,2022,54.7619,65.0,7-Year rate,23.0,42.0,3.6980999999999966,,
hs_completion,pct,Escuela Verde,Escuela Verde,All Students,2021-22,2022,65.0,,,13.0,20.0,4.393900000000002,,
hs_completion,pct,Milwaukee,Groppi High,All Students,2021-22,2022,58.5366,65.3846,7-Year rate,48.0,82.0,43.0436,,
hs_completion,pct,Milwaukee,Milwaukee School of Languages,All Students,2021-22,2022,86.0294,91.0448,7-Year rate,117.0,136.0,0.21859999999999502,,
hs_completion,pct,Cudahy,Cudahy High,All Students,2021-22,2022,89.4737,92.3529,7-Year rate,153.0,171.0,-1.6258000000000123,,
hs_completion,pct,Greendale,Greendale High,All Students,2021-22,2022,91.8455,95.2586,7-Year rate,214.0,233.0,6.6603000000000065,,
hs_completion,pct,Milwaukee Academy of Science,Milwaukee Academy of Science,All Students,2021-22,2022,89.5522,,,60.0,67.0,3.8379000000000048,,
hs_completion,pct,Milwaukee,Reagan College Preparatory High,All Students,2021-22,2022,98.125,99.3711,7-Year rate,314.0,320.0,0.04810000000000514,,
hs_completion,pct,Milwaukee,Green Tree Preparatory Academy,[Data Suppressed],2021-22,2022,,,,,,,Gapped: cohort count suppressed by DPI,denominator_suppressed
hs_completion,pct,Franklin Public,Milwaukee County Correctional Facility South,All Students,2021-22,2022,0.0,2.381,5-Year rate,0.0,14.0,-3.8462,,
hs_completion,pct,Milwaukee,ASSATA High,All Students,2021-22,2022,43.9024,56.5217,7-Year rate,18.0,41.0,5.667099999999998,,
hs_completion,pct,Central City Cyberschool of Milwaukee,Central City Cyberschool,[Data Suppressed],2021-22,2022,,,,,,,Gapped: cohort count suppressed by DPI,denominator_suppressed
hs_completion,pct,Milwaukee,Hamilton High,All Students,2021-22,2022,50.1502,62.2642,7-Year rate,167.0,333.0,-3.183100000000003,,
hs_completion,pct,Milwaukee,Harold S Vincent School of Agricultural Science,All Students,2021-22,2022,50.6579,63.0769,7-Year rate,77.0,152.0,6.876799999999996,,
hs_completion,pct,Milwaukee,Wisconsin Conservatory of Lifelong Learning,All Students,2021-22,2022,20.6897,33.3333,7-Year rate,6.0,29.0,-6.810300000000002,,
hs_completion,pct,Milwaukee,HAPA-Hmong American Peace Academy K3-12,All Students,2021-22,2022,90.5405,94.5205,7-Year rate,67.0,74.0,-0.6683000000000021,,
hs_completion,pct,Milwaukee,Milwaukee County Youth Education Center,[Data Suppressed],2021-22,2022,,,,,,,Gapped: cohort count suppressed by DPI,denominator_suppressed
hs_completion,pct,Greenfield,Greenfield High,All Students,2021-22,2022,92.7273,95.2381,7-Year rate,255.0,275.0,1.1831999999999994,,
hs_completion,pct,Wauwatosa,Wauwatosa Virtual Academy,All Students,2021-22,2022,66.6667,79.4521,7-Year rate,50.0,75.0,23.529400000000003,,
hs_completion,pct,Wauwatosa,West High,All Students,2021-22,2022,91.4397,96.4706,7-Year rate,235.0,257.0,-0.5095000000000027,,
hs_completion,pct,Wauwatosa,East High,All Students,2021-22,2022,95.4861,97.5945,7-Year rate,275.0,288.0,-1.6658000000000044,,
hs_completion,pct,Wauwatosa,Vel R Phillips School,All Students,2021-22,2022,0.0,0.0,7-Year rate,0.0,7.0,0.0,,
hs_completion,pct,South Milwaukee,South Milwaukee High,All Students,2021-22,2022,89.2989,90.7407,7-Year rate,242.0,271.0,-1.6101999999999919,,
hs_completion,pct,West Allis-West Milwaukee,Nathan Hale High,All Students,2021-22,2022,89.404,91.9732,7-Year rate,270.0,302.0,-5.332800000000006,,
hs_completion,pct,Whitnall,Whitnall High,All Students,2021-22,2022,97.4747,99.4898,7-Year rate,193.0,198.0,1.3962999999999965,,
hs_completion,pct,West Allis-West Milwaukee,James E Dottke Project-Based Learning High School,All Students,2021-22,2022,91.7808,93.4211,7-Year rate,67.0,73.0,13.209400000000002,,
hs_completion,pct,West Allis-West Milwaukee,Shared Journeys,[Data Suppressed],2021-22,2022,,,,,,,Gapped: cohort count suppressed by DPI,denominator_suppressed
hs_completion,pct,Whitefish Bay,Whitefish Bay High,All Students,2021-22,2022,97.1074,99.1701,7-Year rate,235.0,242.0,1.6357,,
hs_completion,pct,West Allis-West Milwaukee,Central High,All Students,2021-22,2022,91.0931,92.7126,7-Year rate,225.0,247.0,6.543700000000001,,
hs_completion,pct,West Allis-West Milwaukee,Deeper Learning Virtual Academy,All Students,2021-22,2022,92.8571,100.0,7-Year rate,13.0,14.0,,,
hs_completion,pct,Seeds of Health,Veritas High,All Students,2021-22,2022,89.3939,93.6508,7-Year rate,59.0,66.0,-6.1285000000000025,,
hs_completion,pct,Shorewood,New Horizons for Learning,All Students,2021-22,2022,100.0,100.0,7-Year rate,10.0,10.0,7.692300000000003,,
hs_completion,pct,Saint Francis,Saint Francis High,All Students,2021-22,2022,98.3871,100.0,7-Year rate,122.0,124.0,8.2085,,
hs_completion,pct,Seeds of Health,Tenor High,All Students,2021-22,2022,83.7209,90.1515,7-Year rate,108.0,129.0,4.7209,,
hs_completion,pct,Shorewood,Shorewood High,All Students,2021-22,2022,97.351,98.6755,7-Year rate,147.0,151.0,-0.6081999999999965,,
hs_completion,pct,Milwaukee,Obama School of Career and Technical Education,All Students,2022-23,2023,26.5193,40.5882,6-Year rate,48.0,181.0,-17.1933,,
hs_completion,pct,Milwaukee,Green Tree Preparatory Academy,All Students,2022-23,2023,40.9091,52.6316,6-Year rate,9.0,22.0,,,
hs_completion,pct,Milwaukee,Lad Lake Synergy School,All Students,2022-23,2023,52.381,57.8947,6-Year rate,11.0,21.0,5.322200000000002,,
hs_completion,pct,Whitnall,Whitnall High,All Students,2022-23,2023,97.1831,97.6526,6-Year rate,207.0,213.0,-0.2916000000000025,,
hs_completion,pct,Milwaukee,MacDowell Montessori School K3-12,All Students,2022-23,2023,68.4211,81.8182,6-Year rate,39.0,57.0,-7.94250000000001,,
hs_completion,pct,Milwaukee,James Madison Academic Campus,All Students,2022-23,2023,58.3333,68.75,6-Year rate,126.0,216.0,-13.684999999999995,,
hs_completion,pct,Milwaukee,Milwaukee County Youth Education Center,All Students,2022-23,2023,9.0909,14.2857,6-Year rate,1.0,11.0,9.0909,,
hs_completion,pct,Milwaukee,Milwaukee Excellence Charter School,All Students,2022-23,2023,74.6479,78.5714,5-Year rate,53.0,71.0,,,
hs_completion,pct,Milwaukee,Harold S Vincent School of Agricultural Science,All Students,2022-23,2023,64.4172,69.4268,6-Year rate,105.0,163.0,13.759299999999996,,
hs_completion,pct,Milwaukee,King International,All Students,2022-23,2023,89.5131,92.4242,6-Year rate,239.0,267.0,-0.9768000000000114,,
hs_completion,pct,Whitefish Bay,Whitefish Bay High,All Students,2022-23,2023,97.4684,99.1525,6-Year rate,231.0,237.0,0.3610000000000042,,
hs_completion,pct,Milwaukee,Pulaski High,All Students,2022-23,2023,58.3333,65.6,6-Year rate,147.0,252.0,8.935700000000004,,
hs_completion,pct,Greenfield,Greenfield High,All Students,2022-23,2023,93.7716,95.5017,6-Year rate,271.0,289.0,1.044300000000007,,
hs_completion,pct,West Allis-West Milwaukee,Shared Journeys,[Data Suppressed],2022-23,2023,,,,,,,Gapped: cohort count suppressed by DPI,denominator_suppressed
hs_completion,pct,Franklin Public,Franklin High,All Students,2022-23,2023,97.2973,98.3784,6-Year rate,360.0,370.0,0.35070000000000334,,
hs_completion,pct,Milwaukee,Grandview High,All Students,2022-23,2023,44.9541,60.9756,6-Year rate,49.0,109.0,17.8223,,
hs_completion,pct,Milwaukee,Project STAY-Supporting Teachers and Youth,All Students,2022-23,2023,39.6825,60.5263,6-Year rate,25.0,63.0,24.428299999999997,,
hs_completion,pct,Milwaukee,HAPA-Hmong American Peace Academy K3-12,All Students,2022-23,2023,95.4023,98.8235,6-Year rate,83.0,87.0,4.861800000000002,,
hs_completion,pct,Milwaukee,Milwaukee School of Languages,All Students,2022-23,2023,87.6923,90.6977,6-Year rate,114.0,130.0,1.6629000000000076,,
hs_completion,pct,Milwaukee,Hamilton High,All Students,2022-23,2023,51.4205,59.3373,6-Year rate,181.0,352.0,1.2702999999999989,,
hs_completion,pct,Franklin Public,Milwaukee County Correctional Facility South,All Students,2022-23,2023,0.0,,,0.0,19.0,0.0,,
hs_completion,pct,Milwaukee,Marshall High,All Students,2022-23,2023,52.5362,58.4559,6-Year rate,145.0,276.0,3.044699999999999,,
hs_completion,pct,Milwaukee,Milwaukee High School of the Arts,All Students,2022-23,2023,87.156,90.2778,6-Year rate,190.0,218.0,-4.047699999999992,,
hs_completion,pct,Milwaukee,ASSATA High,All Students,2022-23,2023,26.087,46.8085,6-Year rate,12.0,46.0,-17.8154,,
hs_completion,pct,Milwaukee,NOVA-Northwest Opportunities Vocational Academy,All Students,2022-23,2023,32.5581,61.2245,6-Year rate,14.0,43.0,-14.664099999999998,,
hs_completion,pct,Milwaukee,Groppi High,All Students,2022-23,2023,38.7387,53.3333,6-Year rate,43.0,111.0,-19.7979,,
hs_completion,pct,Milwaukee,North Division High,All Students,2022-23,2023,37.7551,44.8276,6-Year rate,37.0,98.0,-10.729700000000001,,
hs_completion,pct,Greendale,Greendale High,All Students,2022-23,2023,95.339,96.6245,6-Year rate,225.0,236.0,3.4934999999999974,,
hs_completion,pct,Milwaukee,Wisconsin Conservatory of Lifelong Learning,All Students,2022-23,2023,26.3158,41.9355,6-Year rate,10.0,38.0,5.626100000000001,,
hs_completion,pct,Wauwatosa,East High,All Students,2022-23,2023,94.1606,97.4265,6-Year rate,258.0,274.0,-1.325499999999991,,
hs_completion,pct,Central City Cyberschool of Milwaukee,Central City Cyberschool,All Students,2022-23,2023,23.8095,9.5238,6-Year rate,5.0,21.0,,,
hs_completion,pct,Cudahy,Cudahy High,All Students,2022-23,2023,87.2611,89.0323,6-Year rate,137.0,157.0,-2.212599999999995,,
hs_completion,pct,Trans Center for Youth,Escuela Verde,All Students,2022-23,2023,76.6667,83.3333,6-Year rate,23.0,30.0,,,
hs_completion,pct,Milwaukee,Bradley Technology High,All Students,2022-23,2023,76.494,81.2,6-Year rate,192.0,251.0,5.931200000000004,,
hs_completion,pct,South Milwaukee,South Milwaukee High,All Students,2022-23,2023,91.6667,92.437,6-Year rate,220.0,240.0,2.3678000000000026,,
hs_completion,pct,Dr. Howard Fuller Collegiate Academy,Dr Howard Fuller Collegiate Academy,All Students,2022-23,2023,90.3226,90.3226,6-Year rate,56.0,62.0,29.032299999999992,,
hs_completion,pct,Milwaukee,Vincent Accelerated Academy,All Students,2022-23,2023,77.5862,85.2459,6-Year rate,45.0,58.0,-9.450800000000001,,
hs_completion,pct,Milwaukee,Carmen High School of Science and Technology Southeast Campus,All Students,2022-23,2023,83.6478,90.1961,6-Year rate,133.0,159.0,-3.701599999999999,,
hs_completion,pct,Milwaukee,Transition High,All Students,2022-23,2023,64.7059,71.6535,6-Year rate,55.0,85.0,4.2120999999999995,,
hs_completion,pct,Milwaukee,WHS Information Technology,All Students,2022-23,2023,48.8889,60.3053,6-Year rate,66.0,135.0,10.2682,,
hs_completion,pct,Milwaukee,Carmen High School of Science and Technology South Campus,All Students,2022-23,2023,85.9155,92.8571,6-Year rate,61.0,71.0,7.420899999999989,,
hs_completion,pct,Wauwatosa,Vel R Phillips School,All Students,2022-23,2023,0.0,0.0,6-Year rate,0.0,22.0,0.0,,
hs_completion,pct,Seeds of Health,Tenor High,All Students,2022-23,2023,85.4369,88.6792,6-Year rate,88.0,103.0,1.715999999999994,,
hs_completion,pct,Milwaukee,Banner Preparatory School of Milwaukee,All Students,2022-23,2023,70.8333,86.3636,6-Year rate,17.0,24.0,49.40469999999999,,
hs_completion,pct,Milwaukee,Audubon Technology and Communication High,All Students,2022-23,2023,76.7442,82.3529,6-Year rate,66.0,86.0,9.244200000000006,,
hs_completion,pct,Oak Creek-Franklin Joint,Oak Creek High,All Students,2022-23,2023,95.6767,95.6767,6-Year rate,509.0,532.0,-1.1517000000000053,,
hs_completion,pct,Saint Francis,Saint Francis High,All Students,2022-23,2023,87.8505,93.3962,6-Year rate,94.0,107.0,-10.536600000000007,,
hs_completion,pct,Pathways High,Pathways High,All Students,2022-23,2023,29.6296,96.2963,6-Year rate,8.0,27.0,-11.111099999999997,,
hs_completion,pct,Shorewood,New Horizons for Learning,All Students,2022-23,2023,100.0,100.0,6-Year rate,11.0,11.0,0.0,,
hs_completion,pct,Shorewood,Shorewood High,All Students,2022-23,2023,99.359,99.359,6-Year rate,155.0,156.0,2.0079999999999956,,
hs_completion,pct,Milwaukee Science Education Consortium,Milwaukee Academy of Science,All Students,2022-23,2023,86.5854,87.8049,6-Year rate,71.0,82.0,,,
hs_completion,pct,Brown Deer,Brown Deer Middle/High,All Students,2022-23,2023,95.5556,95.5882,6-Year rate,129.0,135.0,0.3943000000000012,,
hs_completion,pct,Seeds of Health,Veritas High,All Students,2022-23,2023,94.3396,94.3396,6-Year rate,50.0,53.0,4.945700000000002,,
hs_completion,pct,Milwaukee,Bay View High,All Students,2022-23,2023,60.5634,67.6471,6-Year rate,129.0,213.0,11.261099999999999,,
hs_completion,pct,Nicolet Union High School,Nicolet High,All Students,2022-23,2023,98.5663,99.6403,6-Year rate,275.0,279.0,0.6641999999999939,,
hs_completion,pct,Wauwatosa,Wauwatosa Virtual Academy,All Students,2022-23,2023,75.0,80.0,6-Year rate,42.0,56.0,8.333299999999994,,
hs_completion,pct,West Allis-West Milwaukee,Central High,All Students,2022-23,2023,79.8122,84.466,6-Year rate,170.0,213.0,-11.280900000000003,,
hs_completion,pct,West Allis-West Milwaukee,Nathan Hale High,All Students,2022-23,2023,92.6357,94.2085,6-Year rate,239.0,258.0,3.2317000000000036,,
hs_completion,pct,Milwaukee,Alliance School of Milwaukee,All Students,2022-23,2023,36.1702,47.619,6-Year rate,17.0,47.0,-18.591699999999996,,
hs_completion,pct,Milwaukee,Carmen Middle/High School of Science and Technology Northwest Campus,All Students,2022-23,2023,70.6897,82.4561,6-Year rate,41.0,58.0,-4.591200000000001,,
hs_completion,pct,Milwaukee,South Accelerated Academy,All Students,2022-23,2023,51.2821,54.5455,6-Year rate,20.0,39.0,-4.600299999999997,,
hs_completion,pct,West Allis-West Milwaukee,Deeper Learning Virtual Academy,All Students,2022-23,2023,84.2105,88.8889,6-Year rate,16.0,19.0,-8.646600000000007,,
hs_completion,pct,Milwaukee,Golda Meir School,All Students,2022-23,2023,97.7273,99.2308,6-Year rate,129.0,132.0,1.8256999999999977,,
hs_completion,pct,West Allis-West Milwaukee,James E Dottke Project-Based Learning High School,All Students,2022-23,2023,97.4359,97.561,6-Year rate,76.0,78.0,5.6551000000000045,,
hs_completion,pct,Milwaukee,Riverside High,All Students,2022-23,2023,76.0125,85.5263,6-Year rate,244.0,321.0,-0.014899999999997249,,
hs_completion,pct,Milwaukee,Shalom High,All Students,2022-23,2023,34.8837,48.7805,6-Year rate,15.0,43.0,-8.752700000000004,,
hs_completion,pct,Milwaukee,South Division High,All Students,2022-23,2023,52.3316,61.6216,6-Year rate,101.0,193.0,1.3415000000000035,,
hs_completion,pct,Milwaukee,Reagan College Preparatory High,All Students,2022-23,2023,98.7138,99.359,6-Year rate,307.0,311.0,0.5888000000000062,,
hs_completion,pct,Wauwatosa,West High,All Students,2022-23,2023,88.7931,94.7137,6-Year rate,206.0,232.0,-2.6466000000000065,,
hs_completion,pct,Milwaukee,Bay View High,All Students,2023-24,2024,60.6061,70.3297,5-Year rate,120.0,198.0,0.04269999999999641,,
hs_completion,pct,Milwaukee,Grandview High,All Students,2023-24,2024,46.5116,68.0851,5-Year rate,60.0,129.0,1.5575000000000045,,
hs_completion,pct,Milwaukee,Banner Preparatory School of Milwaukee,All Students,2023-24,2024,56.25,64.2857,5-Year rate,9.0,16.0,-14.583299999999994,,
hs_completion,pct,Milwaukee,Audubon Technology and Communication High,All Students,2023-24,2024,86.1386,88.2353,5-Year rate,87.0,101.0,9.39439999999999,,
hs_completion,pct,Milwaukee,James Madison Academic Campus,All Students,2023-24,2024,67.4528,72.8111,5-Year rate,143.0,212.0,9.119499999999995,,
hs_completion,pct,Milwaukee,Golda Meir School,All Students,2023-24,2024,96.5278,97.2028,5-Year rate,139.0,144.0,-1.1995000000000005,,
hs_completion,pct,Milwaukee,Harold S Vincent School of Agricultural Science,All Students,2023-24,2024,63.6364,72.4138,5-Year rate,119.0,187.0,-0.7807999999999922,,
hs_completion,pct,Milwaukee,ASSATA High,All Students,2023-24,2024,26.3158,47.8261,5-Year rate,15.0,57.0,0.22879999999999967,,
hs_completion,pct,Milwaukee,Groppi High,All Students,2023-24,2024,39.0625,54.4828,5-Year rate,50.0,128.0,0.32379999999999853,,
hs_completion,pct,Milwaukee,Carmen High School of Science and Technology South Campus,All Students,2023-24,2024,87.6404,97.6744,5-Year rate,78.0,89.0,1.7249000000000052,,
hs_completion,pct,Milwaukee,Hamilton High,All Students,2023-24,2024,64.8562,69.7068,5-Year rate,203.0,313.0,13.435700000000004,,
hs_completion,pct,Milwaukee,HAPA-Hmong American Peace Academy K3-12,All Students,2023-24,2024,96.0784,98.0198,5-Year rate,98.0,102.0,0.6761000000000053,,
hs_completion,pct,Milwaukee,Carmen High School of Science and Technology Southeast Campus,All Students,2023-24,2024,87.037,92.4528,5-Year rate,141.0,162.0,3.3892000000000024,,
hs_completion,pct,Milwaukee,Green Tree Preparatory Academy,All Students,2023-24,2024,54.1667,66.6667,5-Year rate,13.0,24.0,13.257599999999996,,
hs_completion,pct,Milwaukee,Bradley Technology High,All Students,2023-24,2024,74.2739,80.7692,5-Year rate,179.0,241.0,-2.220100000000002,,
hs_completion,pct,Milwaukee,Alliance School of Milwaukee,All Students,2023-24,2024,44.7368,51.2195,5-Year rate,17.0,38.0,8.566600000000001,,
hs_completion,pct,Milwaukee,Carmen Middle/High School of Science and Technology Northwest Campus,All Students,2023-24,2024,81.9444,86.9565,5-Year rate,59.0,72.0,11.2547,,
hs_completion,pct,West Allis-West Milwaukee,James E Dottke Project-Based Learning High School,All Students,2023-24,2024,88.0952,92.6829,5-Year rate,37.0,42.0,-9.340699999999998,,
hs_completion,pct,Milwaukee,Riverside High,All Students,2023-24,2024,81.4978,86.9767,5-Year rate,185.0,227.0,5.485299999999995,,
hs_completion,pct,Shorewood,New Horizons for Learning,All Students,2023-24,2024,100.0,100.0,5-Year rate,11.0,11.0,0.0,,
hs_completion,pct,Milwaukee,Reagan College Preparatory High,All Students,2023-24,2024,98.4277,99.0536,5-Year rate,313.0,318.0,-0.2861000000000047,,
hs_completion,pct,West Allis-West Milwaukee,Deeper Learning Virtual Academy,All Students,2023-24,2024,32.0,40.0,5-Year rate,8.0,25.0,-52.210499999999996,,
hs_completion,pct,Milwaukee,Shalom High,All Students,2023-24,2024,57.8947,71.4286,5-Year rate,33.0,57.0,23.011000000000003,,
hs_completion,pct,Milwaukee,Project STAY-Supporting Teachers and Youth,All Students,2023-24,2024,42.1053,67.1053,5-Year rate,24.0,57.0,2.4228000000000023,,
hs_completion,pct,Whitefish Bay,Whitefish Bay High,All Students,2023-24,2024,99.5455,100.0,5-Year rate,219.0,220.0,2.0771000000000015,,
hs_completion,pct,Franklin Public,Milwaukee County Community Reintegration Center,All Students,2023-24,2024,13.3333,51.6129,5-Year rate,2.0,15.0,,,
hs_completion,pct,Brown Deer,Brown Deer Middle/High,All Students,2023-24,2024,95.5975,96.2733,5-Year rate,152.0,159.0,0.04189999999999827,,
hs_completion,pct,Franklin Public,Franklin High,All Students,2023-24,2024,97.8892,98.1481,5-Year rate,371.0,379.0,0.5918999999999954,,
hs_completion,pct,Milwaukee,Obama School of Career and Technical Education,All Students,2023-24,2024,24.2553,35.5372,5-Year rate,57.0,235.0,-2.264000000000003,,
hs_completion,pct,Nicolet Union High School,Nicolet High,All Students,2023-24,2024,95.6044,96.7033,5-Year rate,261.0,273.0,-2.9619,,
hs_completion,pct,West Allis-West Milwaukee,Nathan Hale High,All Students,2023-24,2024,89.2734,90.2778,5-Year rate,258.0,289.0,-3.3623000000000047,,
hs_completion,pct,West Allis-West Milwaukee,Shared Journeys,[Data Suppressed],2023-24,2024,,,,,,,Gapped: cohort count suppressed by DPI,denominator_suppressed
hs_completion,pct,Milwaukee,Pulaski High,All Students,2023-24,2024,57.9505,68.8172,5-Year rate,164.0,283.0,-0.38280000000000314,,
hs_completion,pct,West Allis-West Milwaukee,Central High,All Students,2023-24,2024,79.5181,81.7073,5-Year rate,198.0,249.0,-0.29410000000000025,,
hs_completion,pct,Wauwatosa,Vel R Phillips School,All Students,2023-24,2024,0.0,0.0,5-Year rate,0.0,13.0,0.0,,
hs_completion,pct,Dr. Howard Fuller Collegiate Academy,Dr Howard Fuller Collegiate Academy,All Students,2023-24,2024,92.1875,93.6508,5-Year rate,59.0,64.0,1.8649000000000058,,
hs_completion,pct,Milwaukee,Vincent Accelerated Academy,All Students,2023-24,2024,74.6269,81.6901,5-Year rate,50.0,67.0,-2.959299999999999,,
hs_completion,pct,Central City Cyberschool of Milwaukee,Central City Cyberschool,All Students,2023-24,2024,88.8889,88.8889,5-Year rate,8.0,9.0,65.0794,,
hs_completion,pct,Milwaukee,WHS Information Technology,All Students,2023-24,2024,43.5115,49.2424,5-Year rate,57.0,131.0,-5.3774000000000015,,
hs_completion,pct,South Milwaukee,South Milwaukee High,All Students,2023-24,2024,93.3333,95.2381,5-Year rate,238.0,255.0,1.6665999999999883,,
hs_completion,pct,Milwaukee,Wisconsin Conservatory of Lifelong Learning,All Students,2023-24,2024,41.1765,51.7241,5-Year rate,14.0,34.0,14.860699999999998,,
hs_completion,pct,Cudahy,Cudahy High,All Students,2023-24,2024,86.7816,90.5325,5-Year rate,151.0,174.0,-0.4795000000000016,,
hs_completion,pct,Wauwatosa,East High,All Students,2023-24,2024,91.6667,94.0928,5-Year rate,220.0,240.0,-2.4938999999999965,,
hs_completion,pct,Wauwatosa,West High,All Students,2023-24,2024,95.6044,96.679,5-Year rate,261.0,273.0,6.811300000000003,,
hs_completion,pct,Milwaukee,South Accelerated Academy,All Students,2023-24,2024,49.1525,66.129,5-Year rate,29.0,59.0,-2.1295999999999964,,
hs_completion,pct,Milwaukee Science Education Consortium,Milwaukee Academy of Science,All Students,2023-24,2024,86.5672,92.3077,5-Year rate,58.0,67.0,-0.01820000000000732,,
hs_completion,pct,Milwaukee,South Division High,All Students,2023-24,2024,57.6577,63.7615,5-Year rate,128.0,222.0,5.326099999999997,,
hs_completion,pct,Shorewood,Shorewood High,All Students,2023-24,2024,98.0132,98.0132,5-Year rate,148.0,151.0,-1.345799999999997,,
hs_completion,pct,Milwaukee,Transition High,All Students,2023-24,2024,60.7477,65.7534,5-Year rate,65.0,107.0,-3.958199999999998,,
hs_completion,pct,Wauwatosa,Wauwatosa Virtual Academy,All Students,2023-24,2024,87.5,93.8776,5-Year rate,42.0,48.0,12.5,,
hs_completion,pct,Pathways High,Pathways High,All Students,2023-24,2024,54.8387,90.0,5-Year rate,17.0,31.0,25.209100000000003,,
hs_completion,pct,Milwaukee,Marshall High,All Students,2023-24,2024,57.1429,63.8767,5-Year rate,132.0,231.0,4.6066999999999965,,
hs_completion,pct,Milwaukee,Milwaukee Excellence Charter School,All Students,2023-24,2024,81.8182,,,36.0,44.0,7.1702999999999975,,
hs_completion,pct,Milwaukee,Milwaukee County Youth Education Center,All Students,2023-24,2024,6.25,15.3846,5-Year rate,1.0,16.0,-2.8408999999999995,,
hs_completion,pct,Milwaukee,Lad Lake Synergy School,All Students,2023-24,2024,66.6667,70.0,5-Year rate,6.0,9.0,14.285700000000006,,
hs_completion,pct,Greenfield,Greenfield High,All Students,2023-24,2024,91.7647,94.8819,5-Year rate,234.0,255.0,-2.0069000000000017,,
hs_completion,pct,Milwaukee,King International,All Students,2023-24,2024,93.5294,95.5357,5-Year rate,318.0,340.0,4.016300000000001,,
hs_completion,pct,Milwaukee,MacDowell Montessori School K3-12,All Students,2023-24,2024,87.5,93.617,5-Year rate,42.0,48.0,19.078900000000004,,
hs_completion,pct,Saint Francis,Saint Francis High,All Students,2023-24,2024,97.0588,97.0588,5-Year rate,132.0,136.0,9.208300000000008,,
hs_completion,pct,Greendale,Greendale High,All Students,2023-24,2024,97.4359,99.1453,5-Year rate,228.0,234.0,2.096900000000005,,
hs_completion,pct,Trans Center for Youth,Escuela Verde,All Students,2023-24,2024,95.6522,100.0,5-Year rate,22.0,23.0,18.985499999999988,,
hs_completion,pct,Milwaukee,NOVA-Northwest Opportunities Vocational Academy,All Students,2023-24,2024,16.6667,29.4118,5-Year rate,6.0,36.0,-15.891400000000004,,
hs_completion,pct,Whitnall,Whitnall High,All Students,2023-24,2024,98.5075,99.005,5-Year rate,198.0,201.0,1.3243999999999971,,
hs_completion,pct,Seeds of Health,Veritas High,All Students,2023-24,2024,97.8723,97.8723,5-Year rate,46.0,47.0,3.5326999999999913,,
hs_completion,pct,Milwaukee,North Division High,All Students,2023-24,2024,39.8551,52.3438,5-Year rate,55.0,138.0,2.1000000000000014,,
hs_completion,pct,Seeds of Health,Tenor High,All Students,2023-24,2024,82.7586,84.153,5-Year rate,144.0,174.0,-2.678299999999993,,
hs_completion,pct,Oak Creek-Franklin Joint,Oak Creek High,All Students,2023-24,2024,97.2028,98.0702,5-Year rate,556.0,572.0,1.5260999999999996,,
hs_completion,pct,Milwaukee,Milwaukee High School of the Arts,All Students,2023-24,2024,90.5759,92.0635,5-Year rate,173.0,191.0,3.4198999999999984,,
hs_completion,pct,Milwaukee,Milwaukee School of Languages,All Students,2023-24,2024,86.5546,88.0342,5-Year rate,103.0,119.0,-1.1377000000000095,,
hs_completion,pct,Brown Deer,Brown Deer Middle/High,All Students,2024-25,2025,94.4444,,,136.0,144.0,-1.153099999999995,,
hs_completion,pct,Central City Cyberschool of Milwaukee,Central City Cyberschool,All Students,2024-25,2025,73.6842,,,14.0,19.0,-15.204700000000003,,
hs_completion,pct,Milwaukee,Audubon Technology and Communication High,All Students,2024-25,2025,85.5556,,,77.0,90.0,-0.5829999999999984,,
hs_completion,pct,Greenfield,Greenfield High,All Students,2024-25,2025,95.1128,,,253.0,266.0,3.348099999999988,,
hs_completion,pct,Milwaukee,ASSATA High,All Students,2024-25,2025,22.5,,,9.0,40.0,-3.8157999999999994,,
hs_completion,pct,Franklin Public,Milwaukee County Community Reintegration Center,All Students,2024-25,2025,33.3333,,,5.0,15.0,20.0,,
hs_completion,pct,Franklin Public,Franklin High,All Students,2024-25,2025,98.8152,,,417.0,422.0,0.9260000000000019,,
hs_completion,pct,Greendale,Greendale High,All Students,2024-25,2025,99.5349,,,214.0,215.0,2.0989999999999895,,
hs_completion,pct,Dr. Howard Fuller Collegiate Academy,Dr Howard Fuller Collegiate Academy,All Students,2024-25,2025,91.2088,,,83.0,91.0,-0.9787000000000035,,
hs_completion,pct,Cudahy,Cudahy High,All Students,2024-25,2025,91.954,,,160.0,174.0,5.172399999999996,,
hs_completion,pct,Milwaukee,Alliance School of Milwaukee,All Students,2024-25,2025,50.0,,,18.0,36.0,5.263199999999998,,
hs_completion,pct,Milwaukee,Reagan College Preparatory High,All Students,2024-25,2025,98.8539,,,345.0,349.0,0.42619999999999436,,
hs_completion,pct,West Allis-West Milwaukee,James E Dottke Project-Based Learning High School,All Students,2024-25,2025,94.4444,,,34.0,36.0,6.349199999999996,,
hs_completion,pct,West Allis-West Milwaukee,Nathan Hale High,All Students,2024-25,2025,89.3688,,,269.0,301.0,0.09539999999999793,,
hs_completion,pct,Milwaukee,Pulaski High,All Students,2024-25,2025,67.5676,,,225.0,333.0,9.6171,,
hs_completion,pct,Milwaukee,Riverside High,All Students,2024-25,2025,81.2749,,,204.0,251.0,-0.22289999999999566,,
hs_completion,pct,West Allis-West Milwaukee,Central High,All Students,2024-25,2025,84.1004,,,201.0,239.0,4.582299999999989,,
hs_completion,pct,Milwaukee,South Accelerated Academy,All Students,2024-25,2025,54.5455,,,24.0,44.0,5.392999999999994,,
hs_completion,pct,Milwaukee,Shalom High,All Students,2024-25,2025,65.9091,,,29.0,44.0,8.014399999999995,,
hs_completion,pct,West Allis-West Milwaukee,Deeper Learning Virtual Academy,All Students,2024-25,2025,84.2105,,,16.0,19.0,52.210499999999996,,
hs_completion,pct,Wauwatosa,West High,All Students,2024-25,2025,95.8848,,,233.0,243.0,0.2804000000000002,,
hs_completion,pct,Milwaukee,NOVA-Northwest Opportunities Vocational Academy,All Students,2024-25,2025,11.9048,,,5.0,42.0,-4.761899999999999,,
hs_completion,pct,Milwaukee,Milwaukee School of Languages,All Students,2024-25,2025,87.9032,,,109.0,124.0,1.3486000000000047,,
hs_completion,pct,Whitefish Bay,Whitefish Bay High,All Students,2024-25,2025,97.7578,,,218.0,223.0,-1.787700000000001,,
hs_completion,pct,Milwaukee,Project STAY-Supporting Teachers and Youth,All Students,2024-25,2025,57.5342,,,42.0,73.0,15.428899999999999,,
hs_completion,pct,Milwaukee,Obama School of Career and Technical Education,All Students,2024-25,2025,48.3871,,,165.0,341.0,24.1318,,
hs_completion,pct,Milwaukee,North Division High,All Students,2024-25,2025,42.735,,,50.0,117.0,2.8798999999999992,,
hs_completion,pct,Whitnall,Whitnall High,All Students,2024-25,2025,97.0,,,194.0,200.0,-1.5074999999999932,,
hs_completion,pct,Nicolet Union High School,Nicolet High,All Students,2024-25,2025,96.9811,,,257.0,265.0,1.3766999999999996,,
hs_completion,pct,Shorewood,New Horizons for Learning,All Students,2024-25,2025,85.7143,,,6.0,7.0,-14.285700000000006,,
hs_completion,pct,Shorewood,Shorewood High,All Students,2024-25,2025,98.7421,,,157.0,159.0,0.7288999999999959,,
hs_completion,pct,Milwaukee Science Education Consortium,Milwaukee Academy of Science,All Students,2024-25,2025,93.5065,,,72.0,77.0,6.939300000000003,,
hs_completion,pct,Seeds of Health,Veritas High,All Students,2024-25,2025,90.625,,,58.0,64.0,-7.247299999999996,,
hs_completion,pct,Saint Francis,Saint Francis High,All Students,2024-25,2025,96.5517,,,140.0,145.0,-0.5071000000000083,,
hs_completion,pct,Pathways High,Pathways High,All Students,2024-25,2025,37.5,,,12.0,32.0,-17.338700000000003,,
hs_completion,pct,Seeds of Health,Tenor High,All Students,2024-25,2025,82.1429,,,161.0,196.0,-0.6157000000000039,,
hs_completion,pct,Oak Creek-Franklin Joint,Oak Creek High,All Students,2024-25,2025,97.8533,,,547.0,559.0,0.6505000000000081,,
hs_completion,pct,Milwaukee,Transition High,All Students,2024-25,2025,65.2542,,,77.0,118.0,4.5064999999999955,,
hs_completion,pct,Wauwatosa,Vel R Phillips School,All Students,2024-25,2025,0.0,,,0.0,20.0,0.0,,
hs_completion,pct,Milwaukee,South Division High,All Students,2024-25,2025,60.6335,,,134.0,221.0,2.9757999999999996,,
hs_completion,pct,Wauwatosa,Wauwatosa Virtual Academy,All Students,2024-25,2025,78.5714,,,33.0,42.0,-8.928600000000003,,
hs_completion,pct,Milwaukee,Vincent Accelerated Academy,All Students,2024-25,2025,77.9661,,,46.0,59.0,3.339199999999991,,
hs_completion,pct,Trans Center for Youth,Escuela Verde,All Students,2024-25,2025,73.0769,,,19.0,26.0,-22.5753,,
hs_completion,pct,Milwaukee,Wisconsin Conservatory of Lifelong Learning,All Students,2024-25,2025,39.2857,,,11.0,28.0,-1.8907999999999987,,
hs_completion,pct,South Milwaukee,South Milwaukee High,All Students,2024-25,2025,87.6596,,,206.0,235.0,-5.673699999999997,,
hs_completion,pct,Milwaukee,WHS Information Technology,All Students,2024-25,2025,66.4336,,,95.0,143.0,22.9221,,
hs_completion,pct,Wauwatosa,East High,All Students,2024-25,2025,95.8333,,,253.0,264.0,4.166599999999988,,
hs_completion,pct,Milwaukee,Golda Meir School,All Students,2024-25,2025,99.2806,,,138.0,139.0,2.7528000000000077,,
hs_completion,pct,Milwaukee,Grandview High,All Students,2024-25,2025,37.0,,,37.0,100.0,-9.511600000000001,,
hs_completion,pct,Milwaukee,Carmen Middle/High School of Science and Technology Northwest Campus,All Students,2024-25,2025,81.4815,,,44.0,54.0,-0.46290000000000475,,
hs_completion,pct,Milwaukee,Groppi High,All Students,2024-25,2025,49.2857,,,69.0,140.0,10.223199999999999,,
hs_completion,pct,Milwaukee,HAPA-Hmong American Peace Academy K3-12,All Students,2024-25,2025,100.0,,,118.0,118.0,3.921599999999998,,
hs_completion,pct,Milwaukee,Green Tree Preparatory Academy,All Students,2024-25,2025,85.7143,,,42.0,49.0,31.547599999999996,,
hs_completion,pct,Milwaukee,Bay View High,All Students,2024-25,2025,66.6667,,,132.0,198.0,6.060600000000008,,
hs_completion,pct,Milwaukee,Banner Preparatory School of Milwaukee,All Students,2024-25,2025,64.7059,,,11.0,17.0,8.4559,,
hs_completion,pct,Milwaukee,Carmen High School of Science and Technology Southeast Campus,All Students,2024-25,2025,86.4286,,,121.0,140.0,-0.6084000000000032,,
hs_completion,pct,Milwaukee,Bradley Technology High,All Students,2024-25,2025,78.5156,,,201.0,256.0,4.241700000000009,,
hs_completion,pct,Milwaukee,Carmen High School of Science and Technology South Campus,All Students,2024-25,2025,93.8272,,,76.0,81.0,6.186800000000005,,
hs_completion,pct,Milwaukee,MacDowell Montessori School K3-12,All Students,2024-25,2025,84.0909,,,37.0,44.0,-3.409099999999995,,
hs_completion,pct,Milwaukee,Marshall High,All Students,2024-25,2025,63.1111,,,142.0,225.0,5.968200000000003,,
hs_completion,pct,Milwaukee,Milwaukee High School of the Arts,All Students,2024-25,2025,90.8629,,,179.0,197.0,0.28699999999999193,,
hs_completion,pct,Milwaukee,Milwaukee County Youth Education Center,All Students,2024-25,2025,0.0,,,0.0,50.0,-6.25,,
hs_completion,pct,Milwaukee,Harold S Vincent School of Agricultural Science,All Students,2024-25,2025,72.8395,,,118.0,162.0,9.2031,,
hs_completion,pct,Milwaukee,James Madison Academic Campus,All Students,2024-25,2025,72.4138,,,147.0,203.0,4.9609999999999985,,
hs_completion,pct,Milwaukee,Hamilton High,All Students,2024-25,2025,64.1873,,,233.0,363.0,-0.6689000000000078,,
hs_completion,pct,Milwaukee,Lad Lake Synergy School,All Students,2024-25,2025,14.2857,,,1.0,7.0,-52.38100000000001,,
hs_completion,pct,Milwaukee,King International,All Students,2024-25,2025,94.3662,,,268.0,284.0,0.8368000000000109,,
