School Year,District Code,School Code,Cooperative Educational Service Agency,District Name,Overall Accountability Score,Overall Accountability Rating,Lowest Grade in the District,Highest Grade in the District,School Type,District Enrollment,Percent American Indian or Alaskan Native,Percent Asian,Percent Black or African American,Percent Hispanic/Latino,Percent Native Hawaiian or Other Pacific Islander,Percent White,Percent Two or More Races,Percent Students with Disabilities,Percent Economically Disadvantaged,Percent Limited English Proficient,Percent Within District Mobility,Percent Between District Mobility,District Student Achievement Score,District ELA Achievement Score,District Mathematics Achievement Score,District Student Growth Score,District ELA Growth Score,District Mathematics Growth Score,District Closing Gaps Score,District ELA Gap Score,District Mathematics Gap Score,District 4 Year Graduation Gap Score,District 6 Year Graduation Gap Score,District Graduation Gap Score,District On-Track and Postsecondary Readiness Score,District Graduation Rate Score,District Attendance Rate Score,District Third-Grade ELA Achievement Score,District Eighth-Grade Mathematics Achievement Score,District Student Achievement Max Score,District ELA Achievement Max Score,District Mathematics Achievement Max Score,District Student Growth Max Score,District ELA Growth Max Score,District Mathematics Growth Max Score,District Closing Gaps Max Score,District ELA Achievement Gap Max Score,District Mathematics Achievement Gap Max Score,District Graduation Gap Max Score,District On-Track and Postsecondary Readiness Max Score,District Graduation Rate Max Score,District Attendance Rate Max Score,District Third-Grade ELA Achievement Max Score,District Eighth-Grade Mathematics Achievement Max Score,State Student Achievement Score,State ELA Achievement Score,State Mathematics Achievement Score,State Student Growth Score,State ELA Growth Score,State Mathematics Growth Score,State Closing Gaps Score,State ELA Achievement Gaps Score,State Mathematics Achievement Gaps Score,State Graduation Gaps Score,State On-Track and Postsecondary Readiness Score,State Graduation Rate Score,State Attendance Rate Score,State Third-Grade ELA Achievement Score,State Eighth-Grade Mathematics Achievement Score,State Student Achievement Max Score,State ELA Achievement Max Score,State Mathematics Achievement Max Score,State Student Growth Max Score,State ELA Growth Max Score,State Mathematics Growth Max Score,State Closing Gaps Max Score,State ELA Achievement Gaps Max Score,State Mathematics Achievement Gaps Max Score,State 4 Year Graduation Gaps Max Score,State 6 Year Graduation Gaps Max Score,State Graduation Gaps Max Score,State On-Track and Postsecondary Readiness Max Score,State Graduation Rate Max Score,State Attendance Rate Max Score,State Third-Grade ELA Achievement Max Score,State Eighth-Grade Mathematics Achievement Max Score,Student Engagement Indicators Deduction,Absenteeism Rate Deduction,Dropout Rate Deduction,Test Partcipation ELA 2019 All Students,Test Partcipation ELA MULTI-YEAR All Students,Test Partcipation Mathematics 2019 All Students,Test Partcipation Mathematics MULTI-YEAR All Students,Subgroup with lowest test participation rate 2019,Test Partcipation ELA 2019 lowest rate subgroup,Test Partcipation ELA MULTI-YEAR lowest rate subgroup,Test Partcipation Mathematics 2019 lowest rate subgroup,Test Partcipation Mathematics MULTI-YEAR lowest rate subgroup,Score weighting Achievement Priority Area,Score weighting Growth Priority Area,Score weighting Closing Gaps Priority Area,Score weighting Ontrack Priority Area,District Percent Proficient ELA 2015,State Percent Proficient ELA 2015,District Percent Proficient Mathematics 2015,State Percent Proficient Mathematics 2015,District Percent Proficient ELA 2016,State Percent Proficient ELA 2016,District Percent Proficient Mathematics 2016,State Percent Proficient Mathematics 2016,District Percent Proficient ELA 2017,State Percent Proficient ELA 2017,District Percent Proficient Mathematics 2017,State Percent Proficient Mathematics 2017,District Percent Proficient ELA 2018,State Percent Proficient ELA 2018,District Percent Proficient Mathematics 2018,State Percent Proficient Mathematics 2018,District Percent Proficient ELA 2019,State Percent Proficient ELA 2019,District Percent Proficient Mathematics 2019,State Percent Proficient Mathematics 2019,Notes,Notes.1,Change Outlier Note,Accountability Resource Link,Open enrollment note,No Score Note,Grade Band for Comparison,CESA,Locale description,City,Agency type,Charter school indicator,Virtual school indicator,Percent English Learners,District Achievement Score,District Growth Score,District Target Group Outcomes Score,District Target Group Achievement Score,District Target Group Growth Score,District Target Group Chronic Absenteeism Score,District Target Group Graduation Score,District Target Group Attendance Score,District On-Track to Graduation Score,District Chronic Absenteeism Rate Score,District 3rd Grade ELA Achievement Score,District 8th Grade Mathematics Achievement Score,State Chronic Absenteeism Rate Score,State 3rd Grade ELA Achievement Score,State 8th Grade Mathematics Achievement Score,Test Participation ELA 2021 All Students,Test Participation Mathematics 2021 All Students,Subgroup with lowest ELA test participation rate 2021,Test Participation ELA 2021 lowest rate subgroup,Subgroup with lowest math test participation rate 2021,Test Participation Mathematics 2021 lowest rate subgroup,Score weighting Target Group Outcomes Priority Area,Score weighting On-Track Priority Area,District Percent Proficient ELA 2021,State Percent Proficient ELA 2021,District Percent Proficient Mathematics 2021,State Percent Proficient Mathematics 2021,Chartering authority,Test Participation ELA 2022 All Students,Test Participation Mathematics 2022 All Students,Subgroup with lowest ELA test participation rate 2022,Test Participation ELA 2022 lowest rate subgroup,Subgroup with lowest math test participation rate 2022,Test Participation Mathematics 2022 lowest rate subgroup,District Percent Proficient ELA 2022,State Percent Proficient ELA 2022,District Percent Proficient Mathematics 2022,State Percent Proficient Mathematics 2022,Test Participation ELA 2023 All Students,Test Participation Mathematics 2023 All Students,Subgroup with lowest ELA test participation rate 2023,Test Participation ELA 2023 lowest rate subgroup,Subgroup with lowest math test participation rate 2023,Test Participation Mathematics 2023 lowest rate subgroup,District Percent Proficient ELA 2023,State Percent Proficient ELA 2023,District Percent Proficient Mathematics 2023,State Percent Proficient Mathematics 2023,Course and Program Denominator,Count of AP or IB Course Completers,Rate of AP or IB Course Completers,Count of Dual Enrollment Course Completers,Rate of Dual Enrollment Course Completers,Count of IRC Earners,Rate of IRC Earners,Count of Work-Based Learning Participants,Rate of Work-Based Learning Participants,Count of Art & Design Completers,Rate of Art & Design Completers,Count of Dance Course Completers,Rate of Dance Course Completers,Count of Music Course Completers,Rate of Music Course Completers,Count of Theatre Course Completers,Rate of Theatre Course Completers,State Course and Program Denominator,State Count of AP or IB Course Completers,State Rate of AP or IB Course Completers,State Count of Dual Enrollment Course Completers,State Rate of Dual Enrollment Course Completers,State Count of IRC Earners,State Rate of IRC Earners,State Count of Work-Based Learning Participants,State Rate of Work-Based Learning Participants,State Count of Art & Design Course Completers,State Rate of Art & Design Completers,State Count of Dance Course Completers,State Rate of Dance Course Completers,State Count of Music Course Completers,State Rate of Music Course Completers,State Count of Theatre Course Completers,State Rate of Theatre Course Completers,Detention facility note,DPI Agency Key,School Name,Report Card Level,Lowest Grade Level,Highest Grade Level,Agency Type,Report Card Type,School Enrollment,Percent Open Enrollment,Achievement Score,ELA Achievement Score,Mathematics Achievement Score,Growth Score,ELA Growth Score,Mathematics Growth Score,Target Group Outcomes Score,Target Group Achievement Score,Target Group Growth Score,Target Group Chronic Absenteeism Score,Target Group Graduation Score,Target Group Attendance Score,On-Track to Graduation Score,Chronic Absenteeism Rate Score,Graduation Rate Score,Attendance Rate Score,3rd Grade ELA Achievement Score,8th Grade Mathematics Achievement Score,Test Participation ELA 2024 All Students,Test Participation Mathematics 2024 All Students,Subgroup with lowest ELA test participation rate 2024,Test Participation ELA 2024 lowest rate subgroup,Subgroup with lowest math test participation rate 2024,Test Participation Mathematics 2024 lowest rate subgroup,Percent Proficient ELA 2022,Percent Proficient Mathematics 2022,Percent Proficient ELA 2023,Percent Proficient Mathematics 2023,Percent Meeting ELA 2024,State Percent Meeting ELA 2024,Percent Meeting Mathematics 2024,State Percent Meeting Mathematics 2024,Count of Unique Postsecondary Preparation Course Participants,Rate of Unique Postsecondary Preparation Course Participants,Count of Unique Arts Course Completers,Rate of Unique Arts Course Completers,State Count of Unique Postsecondary Preparation Course Participants,State Rate of Unique Postsecondary Preparation Course Participants,State Count of Unique Arts Course Completers,State Rate of Unique Arts Course Completers,Single-school district note,District/LEA Enrollment,Test Participation ELA 2025 All Students,Test Participation Mathematics 2025 All Students,Subgroup with lowest ELA test participation rate 2025,Test Participation ELA 2025 lowest rate subgroup,Subgroup with lowest math test participation rate 2025,Test Participation Mathematics 2025 lowest rate subgroup,Percent Proficient ELA 2024,State Percent Proficient ELA 2024,Percent Proficient Mathematics 2024,State Percent Proficient Mathematics 2024,Percent Meeting ELA 2025,State Percent Meeting ELA 2025,Percent Meeting Mathematics 2025,State Percent Meeting Mathematics 2025,3rd Grade Reading Percent Proficient,State 3rd Grade Reading Percent Proficient
2018-19,1253,  NA,Cooperative Ed Serv Agcy 01,Cudahy,68.9,Meets Expectations,K4,12.0,,2326.0,0.007,0.016,0.095,0.202,0.001,0.621,0.059,0.169,0.622,0.088,0.001,0.036,48.6,26.1,22.5,63.2,34.0,29.2,71,17.9,18.7,13.1,21.3,34.4,82.4,36.7,36.3,6.1,3.3,100.0,50.0,50.0,100.0,50.0,50.0,100.0,25.0,25.0,50.0,100.0,40.0,40.0,10.0,10.0,62.3,31.6,30.7,66.0,33,33,68.8,18.1,18.0,32.7,84.8,36.3,36.6,6.2,5.7,100.0,50.0,50.0,100.0,50.0,50.0,100.0,25.0,25.0,25.0,25.0,50.0,100.0,40.0,40.0,10.0,10.0,Total Deductions: 0,Goal met: no deduction,Goal met: no deduction,0.976,0.976,0.977,0.977,Lowest Subgroup Rate: SwD,0.953,0.96,0.957,0.962,0.069,0.431,0.25,0.25,0.41,0.502,0.274,0.424,0.326,0.425,0.214,0.405,0.322,0.434,0.245,0.405,0.313,0.423,0.278,0.418,0.32,0.406,0.278,0.41,,,,,,,K-12,1,,Cudahy,Public school district,N,N,,,,,,,,,,,,,,,,,,,,,,,,,,,,,,,,,,,,,,,,,,,,,,,,,,,,,,,,,,,,,,,,,,,,,,,,,,,,,,,,,,,,,,,,,,,,,,,,,,,,,,,,,,,,,,,,,,,,,,,,,,,,,,,,,,,,,,,,,,,,,,,,,,,,,,,
2018-19,1890,  NA,Cooperative Ed Serv Agcy 01,Fox Point J2,90.9,Significantly Exceeds Expectations,K4,8.0,,793.0,0.001,0.073,0.091,0.052,0.0,0.728,0.055,0.098,0.112,0.024,0.0,0.011,94.3,48.4,45.9,69.8,40.6,29.2,89.9,46.0,43.9,,,,93.9,,76.1,9.4,8.4,100.0,50.0,50.0,100.0,50.0,50.0,100.0,50.0,50.0,,100.0,,80.0,10.0,10.0,63.5,31.9,31.6,66.0,33,33,73.9,37.2,36.7,,86.3,,74.4,6.2,5.7,100.0,50.0,50.0,100.0,50.0,50.0,100.0,50.0,50.0,,,,100.0,,80.0,10.0,10.0,Total Deductions: 0,Goal met: no deduction,Goal met: no deduction,0.979,0.985,0.979,0.984,Lowest Subgroup Rate: Black,0.946,0.982,0.946,0.982,0.409,0.091,0.25,0.25,0.78,0.502,0.688,0.424,0.716,0.425,0.687,0.405,0.778,0.434,0.7,0.405,0.709,0.423,0.663,0.418,0.734,0.406,0.658,0.41,,,,,,,K-8,1,,Milwaukee,Public school district,N,N,,,,,,,,,,,,,,,,,,,,,,,,,,,,,,,,,,,,,,,,,,,,,,,,,,,,,,,,,,,,,,,,,,,,,,,,,,,,,,,,,,,,,,,,,,,,,,,,,,,,,,,,,,,,,,,,,,,,,,,,,,,,,,,,,,,,,,,,,,,,,,,,,,,,,,,
2018-19,1900,  NA,Cooperative Ed Serv Agcy 01,Franklin Public,79.5,Exceeds Expectations,PK,12.0,,4599.0,0.004,0.118,0.024,0.088,0.001,0.721,0.045,0.093,0.145,0.055,0.0,0.025,83.2,41.9,41.3,69.8,38.7,31.1,71.5,18.6,18.4,16.9,17.6,34.5,86.2,34.2,35.9,8.3,7.8,100.0,50.0,50.0,100.0,50.0,50.0,100.0,25.0,25.0,50.0,100.0,40.0,40.0,10.0,10.0,62.3,31.6,30.7,66.0,33,33,68.8,18.1,18.0,32.7,84.8,36.3,36.6,6.2,5.7,100.0,50.0,50.0,100.0,50.0,50.0,100.0,25.0,25.0,25.0,25.0,50.0,100.0,40.0,40.0,10.0,10.0,Total Deductions: 0,Goal met: no deduction,Goal met: no deduction,0.992,0.992,0.991,0.991,Lowest Subgroup Rate: SwD,0.954,0.958,0.946,0.956,0.387,0.113,0.25,0.25,0.685,0.502,0.604,0.424,0.635,0.425,0.61,0.405,0.608,0.434,0.603,0.405,0.605,0.423,0.608,0.418,0.611,0.406,0.609,0.41,,,,,,,K-12,1,,Franklin,Public school district,N,N,,,,,,,,,,,,,,,,,,,,,,,,,,,,,,,,,,,,,,,,,,,,,,,,,,,,,,,,,,,,,,,,,,,,,,,,,,,,,,,,,,,,,,,,,,,,,,,,,,,,,,,,,,,,,,,,,,,,,,,,,,,,,,,,,,,,,,,,,,,,,,,,,,,,,,,
2018-19,2184,  NA,Cooperative Ed Serv Agcy 01,Glendale-River Hills,72.5,Meets Expectations,K4,8.0,,1065.0,0.002,0.046,0.349,0.079,0.003,0.455,0.066,0.149,0.329,0.019,0.0,0.023,67.7,36.4,31.3,71.7,40.6,31.1,61.2,35.0,26.2,,,,89.6,,76.1,7.4,6.1,100.0,50.0,50.0,100.0,50.0,50.0,100.0,50.0,50.0,,100.0,,80.0,10.0,10.0,63.5,31.9,31.6,66.0,33,33,73.9,37.2,36.7,,86.3,,74.4,6.2,5.7,100.0,50.0,50.0,100.0,50.0,50.0,100.0,50.0,50.0,,,,100.0,,80.0,10.0,10.0,Total Deductions: 0,Goal met: no deduction,Goal met: no deduction,0.978,0.978,0.976,0.978,Lowest Subgroup Rate: SwD,0.91,0.947,0.9,0.943,0.264,0.236,0.25,0.25,0.667,0.502,0.576,0.424,0.519,0.425,0.475,0.405,0.482,0.434,0.421,0.405,0.48,0.423,0.42,0.418,0.505,0.406,0.448,0.41,,,,,,,K-8,1,,Glendale,Public school district,N,N,,,,,,,,,,,,,,,,,,,,,,,,,,,,,,,,,,,,,,,,,,,,,,,,,,,,,,,,,,,,,,,,,,,,,,,,,,,,,,,,,,,,,,,,,,,,,,,,,,,,,,,,,,,,,,,,,,,,,,,,,,,,,,,,,,,,,,,,,,,,,,,,,,,,,,,
2018-19,2296,  NA,Cooperative Ed Serv Agcy 01,Greendale,82.0,Exceeds Expectations,K4,12.0,,2698.0,0.005,0.055,0.023,0.135,0.002,0.739,0.04,0.115,0.254,0.057,0.0,0.011,82.4,41.9,40.5,67.0,33.0,34.0,82,15.8,16.2,25.0,25.0,50.0,92.6,39.1,38.3,7.9,7.3,100.0,50.0,50.0,100.0,50.0,50.0,100.0,25.0,25.0,50.0,100.0,40.0,40.0,10.0,10.0,62.3,31.6,30.7,66.0,33,33,68.8,18.1,18.0,32.7,84.8,36.3,36.6,6.2,5.7,100.0,50.0,50.0,100.0,50.0,50.0,100.0,25.0,25.0,25.0,25.0,50.0,100.0,40.0,40.0,10.0,10.0,Total Deductions: 0,Goal met: no deduction,Goal met: no deduction,0.991,0.99,0.991,0.99,Lowest Subgroup Rate: Black,0.953,0.97,0.953,0.97,0.314,0.186,0.25,0.25,0.693,0.502,0.595,0.424,0.63,0.425,0.592,0.405,0.643,0.434,0.583,0.405,0.619,0.423,0.594,0.418,0.557,0.406,0.573,0.41,,,,,,,K-12,1,,Greendale,Public school district,N,N,,,,,,,,,,,,,,,,,,,,,,,,,,,,,,,,,,,,,,,,,,,,,,,,,,,,,,,,,,,,,,,,,,,,,,,,,,,,,,,,,,,,,,,,,,,,,,,,,,,,,,,,,,,,,,,,,,,,,,,,,,,,,,,,,,,,,,,,,,,,,,,,,,,,,,,
2018-19,2303,  NA,Cooperative Ed Serv Agcy 01,Greenfield,66.8,Meets Expectations,K4,12.0,,3527.0,0.007,0.079,0.046,0.251,0.004,0.561,0.054,0.113,0.433,0.078,0.002,0.028,57.3,30.0,27.3,62.3,30.2,32.1,61.8,17.1,18.2,13.4,13.1,26.5,84.8,35.3,37.2,6.2,6.1,100.0,50.0,50.0,100.0,50.0,50.0,100.0,25.0,25.0,50.0,100.0,40.0,40.0,10.0,10.0,62.3,31.6,30.7,66.0,33,33,68.8,18.1,18.0,32.7,84.8,36.3,36.6,6.2,5.7,100.0,50.0,50.0,100.0,50.0,50.0,100.0,25.0,25.0,25.0,25.0,50.0,100.0,40.0,40.0,10.0,10.0,Total Deductions: 0,Goal met: no deduction,Goal met: no deduction,0.984,0.99,0.984,0.99,Lowest Subgroup Rate: SwD,0.949,0.963,0.953,0.967,0.195,0.305,0.25,0.25,0.491,0.502,0.36,0.424,0.42,0.425,0.302,0.405,0.415,0.434,0.335,0.405,0.379,0.423,0.353,0.418,0.344,0.406,0.328,0.41,,,,,,,K-12,1,,Greenfield,Public school district,N,N,,,,,,,,,,,,,,,,,,,,,,,,,,,,,,,,,,,,,,,,,,,,,,,,,,,,,,,,,,,,,,,,,,,,,,,,,,,,,,,,,,,,,,,,,,,,,,,,,,,,,,,,,,,,,,,,,,,,,,,,,,,,,,,,,,,,,,,,,,,,,,,,,,,,,,,
2018-19,1897,  NA,Cooperative Ed Serv Agcy 01,Maple Dale-Indian Hill,86.2,Significantly Exceeds Expectations,K4,8.0,,471.0,0.004,0.085,0.13,0.085,0.0,0.626,0.07,0.153,0.138,0.042,0.0,0.025,82.4,41.7,40.7,91.7,48.2,43.5,82.5,42.9,39.6,,,,93.3,,76.7,8.1,8.5,100.0,50.0,50.0,100.0,50.0,50.0,100.0,50.0,50.0,,100.0,,80.0,10.0,10.0,63.5,31.9,31.6,66.0,33,33,73.9,37.2,36.7,,86.3,,74.4,6.2,5.7,100.0,50.0,50.0,100.0,50.0,50.0,100.0,50.0,50.0,,,,100.0,,80.0,10.0,10.0,Total Deductions: 0,Goal met: no deduction,Goal met: no deduction,0.983,0.976,0.983,0.976,Lowest Subgroup Rate: Two or More,0.952,0.984,0.952,0.984,0.391,0.109,0.25,0.25,0.691,0.502,0.652,0.424,0.547,0.425,0.53,0.405,0.601,0.434,0.561,0.405,0.573,0.423,0.586,0.418,0.638,0.406,0.649,0.41,,,,,,,K-8,1,,Fox Point,Public school district,N,N,,,,,,,,,,,,,,,,,,,,,,,,,,,,,,,,,,,,,,,,,,,,,,,,,,,,,,,,,,,,,,,,,,,,,,,,,,,,,,,,,,,,,,,,,,,,,,,,,,,,,,,,,,,,,,,,,,,,,,,,,,,,,,,,,,,,,,,,,,,,,,,,,,,,,,,
2018-19,3619,  NA,Cooperative Ed Serv Agcy 01,Milwaukee,58.4,Meets Few Expectations,K3,12.0,,75431.0,0.005,0.073,0.515,0.272,0.001,0.105,0.029,0.197,0.829,0.119,0.042,0.055,32.4,17.8,14.6,64.1,34.9,29.2,63.9,17.9,17.9,15.0,13.1,28.1,67.7,27.4,34.3,3.3,2.7,100.0,50.0,50.0,100.0,50.0,50.0,100.0,25.0,25.0,50.0,100.0,40.0,40.0,10.0,10.0,62.3,31.6,30.7,66.0,33,33,68.8,18.1,18.0,32.7,84.8,36.3,36.6,6.2,5.7,100.0,50.0,50.0,100.0,50.0,50.0,100.0,25.0,25.0,25.0,25.0,50.0,100.0,40.0,40.0,10.0,10.0,Total Deductions: -5,Goal not met: -5,Goal met: no deduction,0.924,0.914,0.927,0.918,Lowest Subgroup Rate: SwD,0.876,0.867,0.881,0.872,0.05,0.45,0.25,0.25,0.25,0.502,0.149,0.424,0.198,0.425,0.137,0.405,0.2,0.434,0.143,0.405,0.192,0.423,0.148,0.418,0.184,0.406,0.148,0.41,,,,,,,K-12,1,,Milwaukee,Public school district,N,N,,,,,,,,,,,,,,,,,,,,,,,,,,,,,,,,,,,,,,,,,,,,,,,,,,,,,,,,,,,,,,,,,,,,,,,,,,,,,,,,,,,,,,,,,,,,,,,,,,,,,,,,,,,,,,,,,,,,,,,,,,,,,,,,,,,,,,,,,,,,,,,,,,,,,,,
2018-19,4018,  NA,Cooperative Ed Serv Agcy 01,Oak Creek-Franklin Joint,77.5,Exceeds Expectations,K4,12.0,,6604.0,0.005,0.078,0.041,0.139,0.002,0.705,0.031,0.1,0.265,0.08,0.002,0.041,70.5,35.4,35.1,61.3,30.2,31.1,85.7,17.8,17.9,25.0,25.0,50.0,90.3,38.8,37.5,7.2,6.8,100.0,50.0,50.0,100.0,50.0,50.0,100.0,25.0,25.0,50.0,100.0,40.0,40.0,10.0,10.0,62.3,31.6,30.7,66.0,33,33,68.8,18.1,18.0,32.7,84.8,36.3,36.6,6.2,5.7,100.0,50.0,50.0,100.0,50.0,50.0,100.0,25.0,25.0,25.0,25.0,50.0,100.0,40.0,40.0,10.0,10.0,Total Deductions: 0,Goal met: no deduction,Goal met: no deduction,0.989,0.991,0.991,0.992,Lowest Subgroup Rate: SwD,0.974,0.971,0.977,0.971,0.307,0.193,0.25,0.25,0.549,0.502,0.486,0.424,0.487,0.425,0.48,0.405,0.507,0.434,0.473,0.405,0.487,0.423,0.5,0.418,0.483,0.406,0.496,0.41,,,,,,,K-12,1,,Oak Creek,Public school district,N,N,,,,,,,,,,,,,,,,,,,,,,,,,,,,,,,,,,,,,,,,,,,,,,,,,,,,,,,,,,,,,,,,,,,,,,,,,,,,,,,,,,,,,,,,,,,,,,,,,,,,,,,,,,,,,,,,,,,,,,,,,,,,,,,,,,,,,,,,,,,,,,,,,,,,,,,
2018-19,5026,  NA,Cooperative Ed Serv Agcy 01,Saint Francis,72.4,Meets Expectations,K4,12.0,,1123.0,0.011,0.031,0.08,0.261,0.0,0.568,0.049,0.15,0.446,0.052,0.003,0.036,56.0,29.4,26.6,65.1,30.2,34.9,78.4,20.4,19.4,20.0,18.6,38.6,87.7,36.7,36.9,8.2,5.9,100.0,50.0,50.0,100.0,50.0,50.0,100.0,25.0,25.0,50.0,100.0,40.0,40.0,10.0,10.0,62.3,31.6,30.7,66.0,33,33,68.8,18.1,18.0,32.7,84.8,36.3,36.6,6.2,5.7,100.0,50.0,50.0,100.0,50.0,50.0,100.0,25.0,25.0,25.0,25.0,50.0,100.0,40.0,40.0,10.0,10.0,Total Deductions: 0,Goal met: no deduction,Goal met: no deduction,0.988,0.989,0.988,0.99,Lowest Subgroup Rate: Two or More,0.971,0.966,0.971,0.966,0.186,0.314,0.25,0.25,0.401,0.502,0.329,0.424,0.305,0.425,0.32,0.405,0.386,0.434,0.317,0.405,0.365,0.423,0.341,0.418,0.341,0.406,0.35,0.41,,,,,,,K-12,1,,Saint Francis,Public school district,N,N,,,,,,,,,,,,,,,,,,,,,,,,,,,,,,,,,,,,,,,,,,,,,,,,,,,,,,,,,,,,,,,,,,,,,,,,,,,,,,,,,,,,,,,,,,,,,,,,,,,,,,,,,,,,,,,,,,,,,,,,,,,,,,,,,,,,,,,,,,,,,,,,,,,,,,,
2018-19,5355,  NA,Cooperative Ed Serv Agcy 01,Shorewood,83.8,Significantly Exceeds Expectations,K4,12.0,,2036.0,0.002,0.097,0.11,0.076,0.0,0.674,0.042,0.12,0.152,0.057,0.0,0.016,83.2,41.4,41.8,73.6,36.8,36.8,81.4,19.8,20.5,21.4,19.7,41.1,91.8,37.9,38.3,8.3,7.3,100.0,50.0,50.0,100.0,50.0,50.0,100.0,25.0,25.0,50.0,100.0,40.0,40.0,10.0,10.0,62.3,31.6,30.7,66.0,33,33,68.8,18.1,18.0,32.7,84.8,36.3,36.6,6.2,5.7,100.0,50.0,50.0,100.0,50.0,50.0,100.0,25.0,25.0,25.0,25.0,50.0,100.0,40.0,40.0,10.0,10.0,Total Deductions: 0,Goal met: no deduction,Goal met: no deduction,0.963,0.962,0.965,0.964,Lowest Subgroup Rate: SwD,0.887,0.926,0.886,0.929,0.382,0.118,0.25,0.25,0.621,0.502,0.595,0.424,0.605,0.425,0.572,0.405,0.615,0.434,0.621,0.405,0.632,0.423,0.632,0.418,0.592,0.406,0.589,0.41,,,,,,,K-12,1,,Shorewood,Public school district,N,N,,,,,,,,,,,,,,,,,,,,,,,,,,,,,,,,,,,,,,,,,,,,,,,,,,,,,,,,,,,,,,,,,,,,,,,,,,,,,,,,,,,,,,,,,,,,,,,,,,,,,,,,,,,,,,,,,,,,,,,,,,,,,,,,,,,,,,,,,,,,,,,,,,,,,,,
2018-19,5439,  NA,Cooperative Ed Serv Agcy 01,South Milwaukee,71.6,Meets Expectations,K4,12.0,,3062.0,0.008,0.014,0.063,0.22,0.0,0.658,0.037,0.148,0.536,0.055,0.002,0.048,54.9,26.5,28.4,62.2,27.3,34.9,81,17.1,18.0,20.9,25.0,45.9,84.6,37.5,36.8,5.5,4.8,100.0,50.0,50.0,100.0,50.0,50.0,100.0,25.0,25.0,50.0,100.0,40.0,40.0,10.0,10.0,62.3,31.6,30.7,66.0,33,33,68.8,18.1,18.0,32.7,84.8,36.3,36.6,6.2,5.7,100.0,50.0,50.0,100.0,50.0,50.0,100.0,25.0,25.0,25.0,25.0,50.0,100.0,40.0,40.0,10.0,10.0,Total Deductions: 0,Goal met: no deduction,Goal met: no deduction,0.972,0.968,0.968,0.97,Lowest Subgroup Rate: Two or More,0.935,0.922,0.883,0.913,0.126,0.374,0.25,0.25,0.408,0.502,0.368,0.424,0.322,0.425,0.323,0.405,0.327,0.434,0.35,0.405,0.326,0.423,0.365,0.418,0.316,0.406,0.373,0.41,,,,,,,K-12,1,,South Milwaukee,Public school district,N,N,,,,,,,,,,,,,,,,,,,,,,,,,,,,,,,,,,,,,,,,,,,,,,,,,,,,,,,,,,,,,,,,,,,,,,,,,,,,,,,,,,,,,,,,,,,,,,,,,,,,,,,,,,,,,,,,,,,,,,,,,,,,,,,,,,,,,,,,,,,,,,,,,,,,,,,
2018-19,6244,  NA,Cooperative Ed Serv Agcy 01,Wauwatosa,79.7,Exceeds Expectations,K4,12.0,,7059.0,0.002,0.044,0.169,0.072,0.0,0.637,0.075,0.124,0.243,0.016,0.004,0.018,76.7,38.8,37.9,68.0,32.1,35.9,80.8,17.8,18.1,19.9,25.0,44.9,91.0,38.7,37.6,8.2,6.5,100.0,50.0,50.0,100.0,50.0,50.0,100.0,25.0,25.0,50.0,100.0,40.0,40.0,10.0,10.0,62.3,31.6,30.7,66.0,33,33,68.8,18.1,18.0,32.7,84.8,36.3,36.6,6.2,5.7,100.0,50.0,50.0,100.0,50.0,50.0,100.0,25.0,25.0,25.0,25.0,50.0,100.0,40.0,40.0,10.0,10.0,Total Deductions: 0,Goal met: no deduction,Goal met: no deduction,0.985,0.984,0.985,0.984,Lowest Subgroup Rate: SwD,0.952,0.942,0.95,0.945,0.321,0.179,0.25,0.25,0.626,0.502,0.545,0.424,0.552,0.425,0.533,0.405,0.575,0.434,0.543,0.405,0.555,0.423,0.557,0.418,0.532,0.406,0.525,0.41,,,,,This district contains one or more virtual charter schools with at least 50% open enrollment. The following schools are excluded from this district report card: Wauwatosa Virtual Academy.,,K-12,1,,Wauwatosa,Public school district,N,N,,,,,,,,,,,,,,,,,,,,,,,,,,,,,,,,,,,,,,,,,,,,,,,,,,,,,,,,,,,,,,,,,,,,,,,,,,,,,,,,,,,,,,,,,,,,,,,,,,,,,,,,,,,,,,,,,,,,,,,,,,,,,,,,,,,,,,,,,,,,,,,,,,,,,,,
2018-19,6300,  NA,Cooperative Ed Serv Agcy 01,West Allis-West Milwaukee,71.3,Meets Expectations,K4,12.0,,8240.0,0.009,0.029,0.109,0.262,0.001,0.508,0.081,0.15,0.566,0.034,0.009,0.048,55.2,29.1,26.1,66.0,34.9,31.1,74.7,17.3,17.5,17.3,22.6,39.9,83.1,36.4,35.5,6.1,5.1,100.0,50.0,50.0,100.0,50.0,50.0,100.0,25.0,25.0,50.0,100.0,40.0,40.0,10.0,10.0,62.3,31.6,30.7,66.0,33,33,68.8,18.1,18.0,32.7,84.8,36.3,36.6,6.2,5.7,100.0,50.0,50.0,100.0,50.0,50.0,100.0,25.0,25.0,25.0,25.0,50.0,100.0,40.0,40.0,10.0,10.0,Total Deductions: 0,Goal met: no deduction,Goal met: no deduction,0.979,0.981,0.98,0.982,Lowest Subgroup Rate: Amer Indian,0.943,0.921,0.943,0.927,0.106,0.394,0.25,0.25,0.445,0.502,0.311,0.424,0.354,0.425,0.309,0.405,0.376,0.434,0.315,0.405,0.365,0.423,0.331,0.418,0.373,0.406,0.326,0.41,,,,,,,K-12,1,,West Allis,Public school district,N,N,,,,,,,,,,,,,,,,,,,,,,,,,,,,,,,,,,,,,,,,,,,,,,,,,,,,,,,,,,,,,,,,,,,,,,,,,,,,,,,,,,,,,,,,,,,,,,,,,,,,,,,,,,,,,,,,,,,,,,,,,,,,,,,,,,,,,,,,,,,,,,,,,,,,,,,
2018-19,6419,  NA,Cooperative Ed Serv Agcy 01,Whitefish Bay,87.2,Significantly Exceeds Expectations,K4,12.0,,2992.0,0.001,0.057,0.064,0.056,0.001,0.759,0.063,0.097,0.019,0.025,0.0,0.013,92.7,47.4,45.3,85.1,41.6,43.5,70.6,21.2,18.8,30.6,,30.6,94.5,38.8,37.9,8.5,9.3,100.0,50.0,50.0,100.0,50.0,50.0,100.0,25.0,25.0,50.0,100.0,40.0,40.0,10.0,10.0,62.3,31.6,30.7,66.0,33,33,68.8,18.1,18.0,32.7,84.8,36.3,36.6,6.2,5.7,100.0,50.0,50.0,100.0,50.0,50.0,100.0,25.0,25.0,50.0,,50.0,100.0,40.0,40.0,10.0,10.0,Total Deductions: 0,Goal met: no deduction,Goal met: no deduction,0.987,0.989,0.988,0.989,Lowest Subgroup Rate: SwD,0.937,0.922,0.943,0.924,0.45,0.05,0.25,0.25,0.755,0.502,0.717,0.424,0.744,0.425,0.696,0.405,0.741,0.434,0.678,0.405,0.736,0.423,0.69,0.418,0.694,0.406,0.688,0.41,,,,,,,K-12,1,,Whitefish Bay,Public school district,N,N,,,,,,,,,,,,,,,,,,,,,,,,,,,,,,,,,,,,,,,,,,,,,,,,,,,,,,,,,,,,,,,,,,,,,,,,,,,,,,,,,,,,,,,,,,,,,,,,,,,,,,,,,,,,,,,,,,,,,,,,,,,,,,,,,,,,,,,,,,,,,,,,,,,,,,,
2018-19,6470,  NA,Cooperative Ed Serv Agcy 01,Whitnall,77.4,Exceeds Expectations,K4,12.0,,2506.0,0.003,0.047,0.03,0.142,0.002,0.729,0.047,0.155,0.224,0.025,0.0,0.029,70.6,35.8,34.8,65.0,36.8,28.2,81.5,20.0,18.4,18.1,25.0,43.1,90.5,39.0,37.6,7.3,6.6,100.0,50.0,50.0,100.0,50.0,50.0,100.0,25.0,25.0,50.0,100.0,40.0,40.0,10.0,10.0,62.3,31.6,30.7,66.0,33,33,68.8,18.1,18.0,32.7,84.8,36.3,36.6,6.2,5.7,100.0,50.0,50.0,100.0,50.0,50.0,100.0,25.0,25.0,25.0,25.0,50.0,100.0,40.0,40.0,10.0,10.0,Total Deductions: 0,Goal met: no deduction,Goal met: no deduction,0.987,0.988,0.988,0.988,Lowest Subgroup Rate: EL,0.954,0.973,0.969,0.982,0.334,0.166,0.25,0.25,0.573,0.502,0.513,0.424,0.504,0.425,0.531,0.405,0.499,0.434,0.521,0.405,0.49,0.423,0.492,0.418,0.481,0.406,0.46,0.41,,,,,,,K-12,1,,Greenfield,Public school district,N,N,,,,,,,,,,,,,,,,,,,,,,,,,,,,,,,,,,,,,,,,,,,,,,,,,,,,,,,,,,,,,,,,,,,,,,,,,,,,,,,,,,,,,,,,,,,,,,,,,,,,,,,,,,,,,,,,,,,,,,,,,,,,,,,,,,,,,,,,,,,,,,,,,,,,,,,
2020-21,1253,,Cooperative Ed Serv Agcy 01,Cudahy,57.5,Meets Few Expectations,K4,12.0,,2183.0,0.01,0.018,0.103,0.225,0.002,0.575,0.067,0.18,0.634,,0.001,0.03,,50.0,42.2,,60.3,48.9,,,,,,,,90.4,,,,,,,,,,,,,,,,,,,,61.4,59.4,,66,66,,,,,,91.5,,,,,,,,,,,,,,,,,,,,,,,,,,,,,,,,,0.061,0.439,,,,,,,,,,,,,,,0.313,0.423,0.278,0.418,0.32,0.407,0.279,0.41,,,,,,,K-12,1,,Cudahy,Public school district,N,N,0.094,46.1,54.6,47.1,9.4,61.3,64.3,88.4,,75.6,76.9,55.3,31.9,87.0,58.9,55.3,0.936,0.935,SwD,0.861,SwD,0.861,0.25,0.25,0.26,0.384,0.201,0.364,,,,,,,,,,,,,,,,,,,,,,,,,,,,,,,,,,,,,,,,,,,,,,,,,,,,,,,,,,,,,,,,,,,,,,,,,,,,,,,,,,,,,,,,,,,,,,,,,,,,,,,,,,,,,,,,,,,,,,,,,,,
2020-21,1890,,Cooperative Ed Serv Agcy 01,Fox Point J2,84.1,Significantly Exceeds Expectations,K4,8.0,,837.0,0.0,0.0,0.0,0.0,0.0,0.0,0.0,0,0.098,,0.001,0.019,,92.7,88.8,,77.4,67.9,,,,,,,,,95.8,,,,,,,,,,,,,,,,,,,61.4,61.3,,66,66,,,,,,,94.9,,,,,,,,,,,,,,,,,,,,,,,,,,,,,,,,0.418,0.082,,,,,,,,,,,,,,,0.709,0.42,0.663,0.431,0.734,0.405,0.658,0.428,,,,,,,K-8,1,,Milwaukee,Public school district,N,N,0.026,90.8,72.7,67.5,43.8,60.3,91.1,,95.8,93.3,94.9,89.2,81.3,89.6,58.9,55.3,0.966,0.966,Hispanic,0.879,Hispanic,0.879,0.25,0.25,0.647,0.379,0.621,0.376,,,,,,,,,,,,,,,,,,,,,,,,,,,,,,,,,,,,,,,,,,,,,,,,,,,,,,,,,,,,,,,,,,,,,,,,,,,,,,,,,,,,,,,,,,,,,,,,,,,,,,,,,,,,,,,,,,,,,,,,,,,
2020-21,1900,,Cooperative Ed Serv Agcy 01,Franklin Public,78.2,Exceeds Expectations,K4,12.0,,4685.0,0.003,0.116,0.021,0.095,0.0,0.711,0.054,0.087,0.181,,0.001,0.017,,81.3,80.1,,73.6,67.9,,,,,,,,89.3,,,,,,,,,,,,,,,,,,,,61.4,59.4,,66,66,,,,,,91.5,,,,,,,,,,,,,,,,,,,,,,,,,,,,,,,,,0.363,0.137,,,,,,,,,,,,,,,0.605,0.423,0.607,0.418,0.611,0.407,0.609,0.41,,,,,,,K-12,1,,Franklin,Public school district,N,N,0.047,80.7,70.8,68.3,36.8,64.1,90.8,95.8,,88.6,94.6,74.8,75.3,87.0,58.9,55.3,0.964,0.963,SwD,0.884,SwD,0.888,0.25,0.25,0.549,0.384,0.556,0.364,,,,,,,,,,,,,,,,,,,,,,,,,,,,,,,,,,,,,,,,,,,,,,,,,,,,,,,,,,,,,,,,,,,,,,,,,,,,,,,,,,,,,,,,,,,,,,,,,,,,,,,,,,,,,,,,,,,,,,,,,,,
2020-21,2184,,Cooperative Ed Serv Agcy 01,Glendale-River Hills,69.2,Meets Expectations,K4,8.0,,961.0,0.004,0.043,0.362,0.099,0.003,0.408,0.081,0.153,0.421,,0.001,0.033,,68.1,56.7,,73.6,56.5,,,,,,,,,95.4,,,,,,,,,,,,,,,,,,,61.4,61.3,,66,66,,,,,,,94.9,,,,,,,,,,,,,,,,,,,,,,,,,,,,,,,,0.203,0.297,,,,,,,,,,,,,,,0.48,0.42,0.421,0.431,0.505,0.405,0.448,0.428,,,,,,,K-8,1,,Glendale,Public school district,N,N,0.026,62.4,65.1,60.5,18.3,64.1,87.8,,94.3,88.1,93.0,71.3,56.4,89.6,58.9,55.3,0.906,0.906,SwD,0.814,SwD,0.814,0.25,0.25,0.374,0.379,0.268,0.376,,,,,,,,,,,,,,,,,,,,,,,,,,,,,,,,,,,,,,,,,,,,,,,,,,,,,,,,,,,,,,,,,,,,,,,,,,,,,,,,,,,,,,,,,,,,,,,,,,,,,,,,,,,,,,,,,,,,,,,,,,,
2020-21,2296,,Cooperative Ed Serv Agcy 01,Greendale,73.6,Exceeds Expectations,K4,12.0,,2666.0,0.005,0.056,0.023,0.149,0.002,0.726,0.041,0.122,0.288,,0.0,0.02,,78.2,74.9,,62.2,66.0,,,,,,,,94.7,,,,,,,,,,,,,,,,,,,,61.4,59.4,,66,66,,,,,,91.5,,,,,,,,,,,,,,,,,,,,,,,,,,,,,,,,,0.291,0.209,,,,,,,,,,,,,,,0.619,0.423,0.594,0.418,0.557,0.407,0.573,0.41,,,,,,,K-12,1,,Greendale,Public school district,N,N,0.061,76.6,64.1,62.0,31.7,59.4,92.5,92.7,,89.8,95.6,74.5,62.1,87.0,58.9,55.3,0.953,0.953,Black,0.813,Black,0.792,0.25,0.25,0.487,0.384,0.443,0.364,,,,,,,,,,,,,,,,,,,,,,,,,,,,,,,,,,,,,,,,,,,,,,,,,,,,,,,,,,,,,,,,,,,,,,,,,,,,,,,,,,,,,,,,,,,,,,,,,,,,,,,,,,,,,,,,,,,,,,,,,,,
2020-21,2303,,Cooperative Ed Serv Agcy 01,Greenfield,64.8,Meets Expectations,K4,12.0,,3367.0,0.007,0.092,0.042,0.261,0.004,0.535,0.06,0.111,0.386,,0.001,0.051,,57.2,51.1,,62.2,58.4,,,,,,,,93.0,,,,,,,,,,,,,,,,,,,,61.4,59.4,,66,66,,,,,,91.5,,,,,,,,,,,,,,,,,,,,,,,,,,,,,,,,,0.226,0.274,,,,,,,,,,,,,,,0.379,0.423,0.353,0.418,0.344,0.407,0.328,0.41,,,,,,,K-12,1,,Greenfield,Public school district,N,N,0.084,54.2,60.3,58.4,15.8,65.1,85.3,88.9,,85.7,91.4,59.0,60.8,87.0,58.9,55.3,0.963,0.964,SwD,0.914,SwD,0.914,0.25,0.25,0.335,0.384,0.265,0.364,,,,,,,,,,,,,,,,,,,,,,,,,,,,,,,,,,,,,,,,,,,,,,,,,,,,,,,,,,,,,,,,,,,,,,,,,,,,,,,,,,,,,,,,,,,,,,,,,,,,,,,,,,,,,,,,,,,,,,,,,,,
2020-21,1897,,Cooperative Ed Serv Agcy 01,Maple Dale-Indian Hill,86.2,Significantly Exceeds Expectations,K4,8.0,,454.0,0.004,0.086,0.121,0.093,0.0,0.623,0.073,0.15,0.15,,0.0,0.042,,81.5,80.8,,100.0,90.7,,,,,,,,,95.8,,,,,,,,,,,,,,,,,,,61.4,61.3,,66,66,,,,,,,94.9,,,,,,,,,,,,,,,,,,,,,,,,,,,,,,,,0.383,0.117,,,,,,,,,,,,,,,0.573,0.42,0.586,0.431,0.639,0.405,0.649,0.428,,,,,,,K-8,1,,Fox Point,Public school district,N,N,0.062,81.2,95.4,83.1,28.7,86.9,84.1,,93.0,92.5,94.3,79.1,85.3,89.6,58.9,55.3,0.968,0.968,Black,0.889,Black,0.889,0.25,0.25,0.579,0.379,0.56,0.376,,,,,,,,,,,,,,,,,,,,,,,,,,,,,,,,,,,,,,,,,,,,,,,,,,,,,,,,,,,,,,,,,,,,,,,,,,,,,,,,,,,,,,,,,,,,,,,,,,,,,,,,,,,,,,,,,,,,,,,,,,,
2020-21,3619,,Cooperative Ed Serv Agcy 01,Milwaukee,58.1,Meets Expectations,K3,12.0,,71510.0,0.004,0.079,0.504,0.277,0.001,0.099,0.036,0.196,0.865,,0.01,0.044,,34.4,27.6,,71.7,54.6,,,,,,,,69.3,,,,,,,,,,,,,,,,,,,,61.4,59.4,,66,66,,,,,,91.5,,,,,,,,,,,,,,,,,,,,,,,,,,,,,,,,,0.05,0.45,,,,,,,,,,,,,,,0.191,0.423,0.148,0.418,0.184,0.407,0.148,0.41,,,,,,,K-12,1,,Milwaukee,Public school district,N,N,0.126,31.0,63.2,53.2,9.4,76.5,56.4,68.5,,59.3,64.7,30.6,26.4,87.0,58.9,55.3,0.374,0.372,Pacific Isle,0.265,Pacific Isle,0.265,0.25,0.25,0.175,0.384,0.095,0.364,,,,,,,,,,,,,,,,,,,,,,,,,,,,,,,,,,,,,,,,,,,,,,,,,,,,,,,,,,,,,,,,,,,,,,,,,,,,,,,,,,,,,,,,,,,,,,,,,,,,,,,,,,,,,,,,,,,,,,,,,,,
2020-21,4018,,Cooperative Ed Serv Agcy 01,Oak Creek-Franklin Joint,67.3,Meets Expectations,K4,12.0,,6400.0,0.004,0.08,0.043,0.152,0.002,0.682,0.037,0.1,0.313,,0.001,0.036,,68.3,67.7,,58.4,62.2,,,,,,,,96.7,,,,,,,,,,,,,,,,,,,,61.4,59.4,,66,66,,,,,,91.5,,,,,,,,,,,,,,,,,,,,,,,,,,,,,,,,,0.275,0.225,,,,,,,,,,,,,,,0.487,0.423,0.5,0.418,0.482,0.407,0.497,0.41,,,,,,,K-12,1,,Oak Creek,Public school district,N,N,0.081,68.0,60.3,51.6,22.0,54.6,80.0,95.2,,88.5,90.4,70.7,66.1,87.0,58.9,55.3,0.942,0.942,SwD,0.888,SwD,0.888,0.25,0.25,0.438,0.384,0.433,0.364,,,,,,,,,,,,,,,,,,,,,,,,,,,,,,,,,,,,,,,,,,,,,,,,,,,,,,,,,,,,,,,,,,,,,,,,,,,,,,,,,,,,,,,,,,,,,,,,,,,,,,,,,,,,,,,,,,,,,,,,,,,
2020-21,5026,,Cooperative Ed Serv Agcy 01,Saint Francis,62.0,Meets Expectations,K4,12.0,,1045.0,0.01,0.028,0.066,0.304,0.0,0.538,0.055,0.17,0.517,,0.004,0.045,,53.8,47.8,,47.0,60.3,,,,,,,,94.6,,,,,,,,,,,,,,,,,,,,61.4,59.4,,66,66,,,,,,91.5,,,,,,,,,,,,,,,,,,,,,,,,,,,,,,,,,0.139,0.361,,,,,,,,,,,,,,,0.365,0.423,0.342,0.418,0.34,0.407,0.35,0.41,,,,,,,K-12,1,,Saint Francis,Public school district,N,N,0.045,50.8,53.7,59.0,15.3,68.9,74.0,90.4,,83.1,82.0,70.0,54.4,87.0,58.9,55.3,0.964,0.962,Black,0.898,Black,0.898,0.25,0.25,0.256,0.384,0.214,0.364,,,,,,,,,,,,,,,,,,,,,,,,,,,,,,,,,,,,,,,,,,,,,,,,,,,,,,,,,,,,,,,,,,,,,,,,,,,,,,,,,,,,,,,,,,,,,,,,,,,,,,,,,,,,,,,,,,,,,,,,,,,
2020-21,5355,,Cooperative Ed Serv Agcy 01,Shorewood,82.4,Exceeds Expectations,K4,12.0,,1891.0,0.002,0.092,0.099,0.084,0.001,0.665,0.058,0.113,0.203,,0.004,0.044,,82.3,81.0,,86.9,75.5,,,,,,,,98.1,,,,,,,,,,,,,,,,,,,,61.4,59.4,,66,66,,,,,,91.5,,,,,,,,,,,,,,,,,,,,,,,,,,,,,,,,,0.348,0.152,,,,,,,,,,,,,,,0.633,0.423,0.632,0.418,0.592,0.407,0.588,0.41,,,,,,,K-12,1,,Shorewood,Public school district,N,N,0.047,81.7,81.2,76.4,31.4,76.5,84.3,98.8,,90.0,88.9,84.0,68.4,87.0,58.9,55.3,0.881,0.887,SwD,0.782,SwD,0.788,0.25,0.25,0.602,0.384,0.55,0.364,,,,,,,,,,,,,,,,,,,,,,,,,,,,,,,,,,,,,,,,,,,,,,,,,,,,,,,,,,,,,,,,,,,,,,,,,,,,,,,,,,,,,,,,,,,,,,,,,,,,,,,,,,,,,,,,,,,,,,,,,,,
2020-21,5439,,Cooperative Ed Serv Agcy 01,South Milwaukee,58.7,Meets Expectations,K4,12.0,,2819.0,0.005,0.011,0.058,0.247,0.0,0.614,0.064,0.138,0.547,,0.001,0.059,,49.9,51.5,,48.9,60.3,,,,,,,,91.5,,,,,,,,,,,,,,,,,,,,61.4,59.4,,66,66,,,,,,91.5,,,,,,,,,,,,,,,,,,,,,,,,,,,,,,,,,0.119,0.381,,,,,,,,,,,,,,,0.326,0.423,0.365,0.418,0.316,0.407,0.374,0.41,,,,,,,K-12,1,,South Milwaukee,Public school district,N,N,0.056,50.7,54.6,47.6,12.8,57.5,73.3,89.2,,80.0,84.5,51.7,44.2,87.0,58.9,55.3,0.886,0.884,SwD,0.786,SwD,0.786,0.25,0.25,0.257,0.384,0.231,0.364,,,,,,,,,,,,,,,,,,,,,,,,,,,,,,,,,,,,,,,,,,,,,,,,,,,,,,,,,,,,,,,,,,,,,,,,,,,,,,,,,,,,,,,,,,,,,,,,,,,,,,,,,,,,,,,,,,,,,,,,,,,
2020-21,6244,,Cooperative Ed Serv Agcy 01,Wauwatosa,74.4,Exceeds Expectations,K4,12.0,,6758.0,0.001,0.042,0.172,0.083,0.0,0.632,0.069,0.125,0.254,,0.001,0.034,,75.5,72.6,,67.9,73.6,,,,,,,,96.9,,,,,,,,,,,,,,,,,,,,61.4,59.4,,66,66,,,,,,91.5,,,,,,,,,,,,,,,,,,,,,,,,,,,,,,,,,0.314,0.186,,,,,,,,,,,,,,,0.555,0.423,0.558,0.418,0.533,0.407,0.525,0.41,,,,,This district contains one or more virtual charter schools with at least 50% open enrollment. The following schools are excluded from this district report card: Wauwatosa Virtual Academy.,,K-12,1,,Wauwatosa,Public school district,N,N,0.015,74.1,70.8,63.3,25.3,66.9,80.9,92.9,,88.7,89.8,79.4,61.2,87.0,58.9,55.3,0.918,0.918,Black,0.84,Black,0.84,0.25,0.25,0.519,0.384,0.467,0.364,,,,,,,,,,,,,,,,,,,,,,,,,,,,,,,,,,,,,,,,,,,,,,,,,,,,,,,,,,,,,,,,,,,,,,,,,,,,,,,,,,,,,,,,,,,,,,,,,,,,,,,,,,,,,,,,,,,,,,,,,,,
2020-21,6300,,Cooperative Ed Serv Agcy 01,West Allis-West Milwaukee,55.9,Meets Few Expectations,K4,12.0,,7418.0,0.008,0.029,0.113,0.277,0.001,0.485,0.087,0.156,0.63,,0.003,0.042,,53.2,45.8,,54.6,43.2,,,,,,,,93.3,,,,,,,,,,,,,,,,,,,,61.4,59.4,,66,66,,,,,,91.5,,,,,,,,,,,,,,,,,,,,,,,,,,,,,,,,,0.063,0.437,,,,,,,,,,,,,,,0.365,0.423,0.332,0.418,0.373,0.407,0.326,0.41,,,,,,,K-12,1,,West Allis,Public school district,N,N,0.041,49.5,48.9,47.3,12.8,58.4,65.8,92.9,,78.3,78.5,52.1,43.3,87.0,58.9,55.3,0.884,0.881,SwD,0.841,SwD,0.84,0.25,0.25,0.256,0.384,0.174,0.364,,,,,,,,,,,,,,,,,,,,,,,,,,,,,,,,,,,,,,,,,,,,,,,,,,,,,,,,,,,,,,,,,,,,,,,,,,,,,,,,,,,,,,,,,,,,,,,,,,,,,,,,,,,,,,,,,,,,,,,,,,,
2020-21,6419,,Cooperative Ed Serv Agcy 01,Whitefish Bay,93.1,Significantly Exceeds Expectations,K4,12.0,,2864.0,0.0,0.056,0.059,0.057,0.001,0.753,0.073,0.104,0.022,,0.0,0.032,,92.6,89.4,,98.3,100.0,,,,,,,,97.9,,,,,,,,,,,,,,,,,,,,61.4,59.4,,66,66,,,,,,91.5,,,,,,,,,,,,,,,,,,,,,,,,,,,,,,,,,0.45,0.05,,,,,,,,,,,,,,,0.736,0.423,0.691,0.418,0.694,0.407,0.689,0.41,,,,,,,K-12,1,,Whitefish Bay,Public school district,N,N,0.027,91.0,99.2,94.0,48.2,87.9,91.6,97.3,,94.9,96.0,81.8,91.5,87.0,58.9,55.3,0.96,0.96,SwD,0.882,SwD,0.882,0.25,0.25,0.684,0.384,0.653,0.364,,,,,,,,,,,,,,,,,,,,,,,,,,,,,,,,,,,,,,,,,,,,,,,,,,,,,,,,,,,,,,,,,,,,,,,,,,,,,,,,,,,,,,,,,,,,,,,,,,,,,,,,,,,,,,,,,,,,,,,,,,,
2020-21,6470,,Cooperative Ed Serv Agcy 01,Whitnall,74.5,Exceeds Expectations,K4,12.0,,2406.0,0.001,0.047,0.036,0.141,0.0,0.718,0.057,0.15,0.277,,0.001,0.026,,69.5,66.4,,73.6,66.0,,,,,,,,97.2,,,,,,,,,,,,,,,,,,,,61.4,59.4,,66,66,,,,,,91.5,,,,,,,,,,,,,,,,,,,,,,,,,,,,,,,,,0.299,0.201,,,,,,,,,,,,,,,0.489,0.423,0.493,0.418,0.481,0.407,0.46,0.41,,,,,,,K-12,1,,Greenfield,Public school district,N,N,0.021,68.0,69.8,71.6,24.7,74.6,85.6,94.5,,89.1,91.7,71.3,63.8,87.0,58.9,55.3,0.956,0.957,Black,0.891,Black,0.891,0.25,0.25,0.442,0.384,0.428,0.364,,,,,,,,,,,,,,,,,,,,,,,,,,,,,,,,,,,,,,,,,,,,,,,,,,,,,,,,,,,,,,,,,,,,,,,,,,,,,,,,,,,,,,,,,,,,,,,,,,,,,,,,,,,,,,,,,,,,,,,,,,,
2021-22,1253,,Cooperative Ed Serv Agcy 01,Cudahy,57.2,Meets Few Expectations,K4,12.0,,2153.0,0.007,0.017,0.1,0.261,0.002,0.539,0.073,0.189,0.601,,0.003,0.048,,48.2,39.2,,58.4,50.8,,,,,,,,92.5,,,,,,,,,,,,,,,,,,,,59.6,57.7,,66,66,,,,,,91.2,,,,,,,,,,,,,,,,,,,,,,,,,,,,,,,,,0.083,0.417,,0.25,,,,,,,,,,,,,,,,,0.32,0.407,0.279,0.41,,,,,,,K-12,1,,Cudahy,Public school district,No,No,0.084,43.7,54.6,47.8,9.7,62.2,62.4,89.6,,75.4,75.0,53.9,30.0,85.7,57.0,52.5,,,,,,,0.25,,0.26,0.384,0.201,0.364,,0.97,0.972,SwD,0.935,SwD,0.943,0.275,0.379,0.201,0.375,,,,,,,,,,,,,,,,,,,,,,,,,,,,,,,,,,,,,,,,,,,,,,,,,,,,,,,,,,,,,,,,,,,,,,,,,,,,,,,,,,,,,,,,,,,,,,,,,,,,,,,,,,,,,,,,
2021-22,1890,,Cooperative Ed Serv Agcy 01,Fox Point J2,91.7,Significantly Exceeds Expectations,K4,8.0,,851.0,0.0,0.059,0.069,0.053,0.002,0.743,0.074,0.118,0.099,,0.0,0.019,,93.1,90.9,,88.8,90.7,,,,,,,,,98.3,,,,,,,,,,,,,,,,,,,59.5,59.8,,66,66,,,,,,,94.0,,,,,,,,,,,,,,,,,,,,,,,,,,,,,,,,0.417,0.083,,0.25,,,,,,,,,,,,,,,,,0.734,0.405,0.658,0.428,,,,,,,K-8,1,,Milwaukee,Public school district,No,No,0.029,92.0,89.8,88.4,47.5,81.2,93.5,,97.6,95.0,96.5,88.4,81.9,87.8,57.0,52.5,,,,,,,0.25,,0.647,0.379,0.621,0.377,,0.992,0.992,SwD,0.955,SwD,0.955,0.701,0.374,0.728,0.393,,,,,,,,,,,,,,,,,,,,,,,,,,,,,,,,,,,,,,,,,,,,,,,,,,,,,,,,,,,,,,,,,,,,,,,,,,,,,,,,,,,,,,,,,,,,,,,,,,,,,,,,,,,,,,,,
2021-22,1900,,Cooperative Ed Serv Agcy 01,Franklin Public,77.8,Exceeds Expectations,K4,12.0,,4767.0,0.004,0.117,0.022,0.104,0.0,0.695,0.058,0.091,0.135,,0.001,0.016,,79.3,79.1,,73.6,69.8,,,,,,,,88.8,,,,,,,,,,,,,,,,,,,,59.6,57.7,,66,66,,,,,,91.2,,,,,,,,,,,,,,,,,,,,,,,,,,,,,,,,,0.393,0.107,,0.25,,,,,,,,,,,,,,,,,0.611,0.407,0.609,0.41,,,,,,,K-12,1,,Franklin,Public school district,No,No,0.042,79.2,71.7,68.2,34.4,66.9,89.4,90.9,,87.6,94.4,72.5,70.8,85.7,57.0,52.5,,,,,,,0.25,,0.549,0.384,0.556,0.364,,0.991,0.991,SwD,0.968,SwD,0.965,0.551,0.379,0.568,0.375,,,,,,,,,,,,,,,,,,,,,,,,,,,,,,,,,,,,,,,,,,,,,,,,,,,,,,,,,,,,,,,,,,,,,,,,,,,,,,,,,,,,,,,,,,,,,,,,,,,,,,,,,,,,,,,,
2021-22,2184,,Cooperative Ed Serv Agcy 01,Glendale-River Hills,68.4,Meets Expectations,K4,8.0,,958.0,0.002,0.044,0.337,0.097,0.003,0.434,0.082,0.162,0.347,,0.0,0.031,,64.7,54.5,,71.7,66.0,,,,,,,,,97.7,,,,,,,,,,,,,,,,,,,59.5,59.8,,66,66,,,,,,,94.0,,,,,,,,,,,,,,,,,,,,,,,,,,,,,,,,0.252,0.248,,0.25,,,,,,,,,,,,,,,,,0.505,0.405,0.448,0.428,,,,,,,K-8,1,,Glendale,Public school district,No,No,0.03,59.6,68.9,56.7,15.5,60.3,87.9,,96.2,88.3,94.4,67.6,46.6,87.8,57.0,52.5,,,,,,,0.25,,0.374,0.379,0.268,0.377,,0.967,0.965,SwD,0.931,SwD,0.922,0.41,0.374,0.341,0.393,,,,,,,,,,,,,,,,,,,,,,,,,,,,,,,,,,,,,,,,,,,,,,,,,,,,,,,,,,,,,,,,,,,,,,,,,,,,,,,,,,,,,,,,,,,,,,,,,,,,,,,,,,,,,,,,
2021-22,2296,,Cooperative Ed Serv Agcy 01,Greendale,75.2,Exceeds Expectations,K4,12.0,,2673.0,0.001,0.052,0.021,0.157,0.0,0.707,0.062,0.126,0.255,,0.0,0.015,,75.5,71.6,,73.6,73.6,,,,,,,,91.3,,,,,,,,,,,,,,,,,,,,59.6,57.7,,66,66,,,,,,91.2,,,,,,,,,,,,,,,,,,,,,,,,,,,,,,,,,0.313,0.187,,0.25,,,,,,,,,,,,,,,,,0.557,0.407,0.573,0.41,,,,,,,K-12,1,,Greendale,Public school district,No,No,0.059,73.6,73.6,66.5,28.1,70.8,85.3,83.8,,87.0,92.3,72.3,63.0,85.7,57.0,52.5,,,,,,,0.25,,0.487,0.384,0.443,0.364,,0.981,0.98,SwD,0.938,SwD,0.938,0.517,0.379,0.489,0.375,,,,,,,,,,,,,,,,,,,,,,,,,,,,,,,,,,,,,,,,,,,,,,,,,,,,,,,,,,,,,,,,,,,,,,,,,,,,,,,,,,,,,,,,,,,,,,,,,,,,,,,,,,,,,,,,
2021-22,2303,,Cooperative Ed Serv Agcy 01,Greenfield,61.9,Meets Expectations,K4,12.0,,3392.0,0.006,0.087,0.046,0.272,0.004,0.519,0.065,0.122,0.469,,0.001,0.047,,55.3,47.4,,64.1,50.8,,,,,,,,92.0,,,,,,,,,,,,,,,,,,,,59.6,57.7,,66,66,,,,,,91.2,,,,,,,,,,,,,,,,,,,,,,,,,,,,,,,,,0.171,0.329,,0.25,,,,,,,,,,,,,,,,,0.344,0.407,0.328,0.41,,,,,,,K-12,1,,Greenfield,Public school district,No,No,0.083,51.4,57.5,52.4,13.4,60.3,85.8,84.7,,84.3,91.5,56.4,52.1,85.7,57.0,52.5,,,,,,,0.25,,0.335,0.384,0.265,0.364,,0.985,0.984,SwD,0.949,SwD,0.941,0.326,0.379,0.262,0.375,,,,,,,,,,,,,,,,,,,,,,,,,,,,,,,,,,,,,,,,,,,,,,,,,,,,,,,,,,,,,,,,,,,,,,,,,,,,,,,,,,,,,,,,,,,,,,,,,,,,,,,,,,,,,,,,
2021-22,1897,,Cooperative Ed Serv Agcy 01,Maple Dale-Indian Hill,85.8,Significantly Exceeds Expectations,K4,8.0,,438.0,0.0,0.105,0.11,0.098,0.0,0.628,0.059,0.158,0.13,,0.0,0.041,,83.1,80.8,,100.0,85.0,,,,,,,,,97.8,,,,,,,,,,,,,,,,,,,59.5,59.8,,66,66,,,,,,,94.0,,,,,,,,,,,,,,,,,,,,,,,,,,,,,,,,0.397,0.103,,0.25,,,,,,,,,,,,,,,,,0.639,0.405,0.649,0.428,,,,,,,K-8,1,,Fox Point,Public school district,No,No,0.064,81.9,92.5,81.1,30.6,83.1,83.7,,96.1,93.9,95.6,79.4,85.5,87.8,57.0,52.5,,,,,,,0.25,,0.579,0.379,0.56,0.377,,0.992,0.992,EL,0.917,EL,0.917,0.619,0.374,0.619,0.393,,,,,,,,,,,,,,,,,,,,,,,,,,,,,,,,,,,,,,,,,,,,,,,,,,,,,,,,,,,,,,,,,,,,,,,,,,,,,,,,,,,,,,,,,,,,,,,,,,,,,,,,,,,,,,,,
2021-22,3619,,Cooperative Ed Serv Agcy 01,Milwaukee,56.8,Meets Few Expectations,K3,12.0,,69115.0,0.004,0.081,0.503,0.278,0.001,0.096,0.038,0.193,0.8,,0.055,0.063,,32.2,24.4,,69.8,58.4,,,,,,,,69.4,,,,,,,,,,,,,,,,,,,,59.6,57.7,,66,66,,,,,,91.2,,,,,,,,,,,,,,,,,,,,,,,,,,,,,,,,,0.05,0.45,,0.25,,,,,,,,,,,,,,,,,0.184,0.407,0.148,0.41,,,,,,,K-12,1,,Milwaukee,Public school district,No,No,0.133,28.3,64.1,47.8,8.5,71.7,55.3,66.6,,58.5,64.3,28.1,22.3,85.7,57.0,52.5,,,,,,,0.25,,0.175,0.384,0.095,0.364,,0.84,0.844,Black,0.782,Black,0.788,0.157,0.379,0.105,0.375,,,,,,,,,,,,,,,,,,,,,,,,,,,,,,,,,,,,,,,,,,,,,,,,,,,,,,,,,,,,,,,,,,,,,,,,,,,,,,,,,,,,,,,,,,,,,,,,,,,,,,,,,,,,,,,,
2021-22,4018,,Cooperative Ed Serv Agcy 01,Oak Creek-Franklin Joint,69.3,Meets Expectations,K4,12.0,,6522.0,0.003,0.077,0.044,0.169,0.001,0.658,0.049,0.104,0.301,,0.002,0.032,,66.8,65.9,,64.1,67.9,,,,,,,,95.6,,,,,,,,,,,,,,,,,,,,59.6,57.7,,66,66,,,,,,91.2,,,,,,,,,,,,,,,,,,,,,,,,,,,,,,,,,0.283,0.217,,0.25,,,,,,,,,,,,,,,,,0.482,0.407,0.497,0.41,,,,,,,K-12,1,,Oak Creek,Public school district,No,No,0.084,66.4,66.0,57.2,20.0,64.1,77.7,89.5,,87.6,89.7,69.9,64.5,85.7,57.0,52.5,,,,,,,0.25,,0.438,0.384,0.433,0.364,,0.974,0.974,SwD,0.922,SwD,0.922,0.448,0.379,0.446,0.375,,,,,,,,,,,,,,,,,,,,,,,,,,,,,,,,,,,,,,,,,,,,,,,,,,,,,,,,,,,,,,,,,,,,,,,,,,,,,,,,,,,,,,,,,,,,,,,,,,,,,,,,,,,,,,,,
2021-22,5026,,Cooperative Ed Serv Agcy 01,Saint Francis,65.2,Meets Expectations,K4,12.0,,1010.0,0.008,0.035,0.065,0.31,0.0,0.522,0.06,0.18,0.523,,0.0,0.029,,52.2,45.7,,58.4,67.9,,,,,,,,93.3,,,,,,,,,,,,,,,,,,,,59.6,57.7,,66,66,,,,,,91.2,,,,,,,,,,,,,,,,,,,,,,,,,,,,,,,,,0.135,0.365,,0.25,,,,,,,,,,,,,,,,,0.34,0.407,0.35,0.41,,,,,,,K-12,1,,Saint Francis,Public school district,No,No,0.05,49.0,63.2,60.4,13.5,70.8,73.1,92.6,,81.6,81.3,69.6,47.5,85.7,57.0,52.5,,,,,,,0.25,,0.256,0.384,0.214,0.364,,0.965,0.962,Black,0.889,Black,0.889,0.331,0.379,0.292,0.375,,,,,,,,,,,,,,,,,,,,,,,,,,,,,,,,,,,,,,,,,,,,,,,,,,,,,,,,,,,,,,,,,,,,,,,,,,,,,,,,,,,,,,,,,,,,,,,,,,,,,,,,,,,,,,,,
2021-22,5355,,Cooperative Ed Serv Agcy 01,Shorewood,79.6,Exceeds Expectations,K4,12.0,,1915.0,0.001,0.081,0.104,0.088,0.001,0.658,0.067,0.11,0.208,,0.006,0.022,,80.6,78.6,,83.1,71.7,,,,,,,,97.6,,,,,,,,,,,,,,,,,,,,59.6,57.7,,66,66,,,,,,91.2,,,,,,,,,,,,,,,,,,,,,,,,,,,,,,,,,0.345,0.155,,0.25,,,,,,,,,,,,,,,,,0.592,0.407,0.588,0.41,,,,,,,K-12,1,,Shorewood,Public school district,No,No,0.044,79.6,77.4,70.9,29.9,71.7,82.7,97.7,,89.5,89.6,86.0,60.5,85.7,57.0,52.5,,,,,,,0.25,,0.602,0.384,0.55,0.364,,0.957,0.959,SwD,0.855,SwD,0.855,0.579,0.379,0.564,0.375,,,,,,,,,,,,,,,,,,,,,,,,,,,,,,,,,,,,,,,,,,,,,,,,,,,,,,,,,,,,,,,,,,,,,,,,,,,,,,,,,,,,,,,,,,,,,,,,,,,,,,,,,,,,,,,,
2021-22,5439,,Cooperative Ed Serv Agcy 01,South Milwaukee,59.0,Meets Expectations,K4,12.0,,2863.0,0.004,0.014,0.061,0.258,0.0,0.595,0.068,0.155,0.523,,0.0,0.064,,46.6,46.7,,52.7,58.4,,,,,,,,92.0,,,,,,,,,,,,,,,,,,,,59.6,57.7,,66,66,,,,,,91.2,,,,,,,,,,,,,,,,,,,,,,,,,,,,,,,,,0.135,0.365,,0.25,,,,,,,,,,,,,,,,,0.316,0.407,0.374,0.41,,,,,,,K-12,1,,South Milwaukee,Public school district,No,No,0.058,46.7,55.6,51.0,11.0,62.2,70.6,91.8,,78.4,82.4,46.5,40.0,85.7,57.0,52.5,,,,,,,0.25,,0.257,0.384,0.231,0.364,,0.94,0.938,Two or More,0.901,Two or More,0.908,0.251,0.379,0.234,0.375,,,,,,,,,,,,,,,,,,,,,,,,,,,,,,,,,,,,,,,,,,,,,,,,,,,,,,,,,,,,,,,,,,,,,,,,,,,,,,,,,,,,,,,,,,,,,,,,,,,,,,,,,,,,,,,,
2021-22,6244,,Cooperative Ed Serv Agcy 01,Wauwatosa,72.4,Exceeds Expectations,K4,12.0,,6785.0,0.002,0.043,0.176,0.084,0.0,0.62,0.075,0.132,0.267,,0.015,0.036,,73.7,70.6,,69.8,73.6,,,,,,,,94.9,,,,,,,,,,,,,,,,,,,,59.6,57.7,,66,66,,,,,,91.2,,,,,,,,,,,,,,,,,,,,,,,,,,,,,,,,,0.305,0.195,,0.25,,,,,,,,,,,,,,,,,0.533,0.407,0.525,0.41,,,,,This district contains one or more virtual charter schools with at least 50% open enrollment. The following schools are excluded from this district report card: Wauwatosa Virtual Academy.,,K-12,1,,Wauwatosa,Public school district,No,No,0.016,72.2,71.7,59.9,25.0,67.0,71.2,89.9,,85.7,85.5,76.3,59.3,85.7,57.0,52.5,,,,,,,0.25,,0.519,0.384,0.467,0.364,,0.969,0.968,SwD,0.939,SwD,0.939,0.506,0.379,0.491,0.375,,,,,,,,,,,,,,,,,,,,,,,,,,,,,,,,,,,,,,,,,,,,,,,,,,,,,,,,,,,,,,,,,,,,,,,,,,,,,,,,,,,,,,,,,,,,,,,,,,,,,,,,,,,,,,,,
2021-22,6300,,Cooperative Ed Serv Agcy 01,West Allis-West Milwaukee,54.9,Meets Few Expectations,K4,12.0,,7347.0,0.008,0.029,0.115,0.296,0.001,0.463,0.089,0.159,0.632,,0.008,0.053,,48.8,40.1,,54.6,47.0,,,,,,,,90.3,,,,,,,,,,,,,,,,,,,,59.6,57.7,,66,66,,,,,,91.2,,,,,,,,,,,,,,,,,,,,,,,,,,,,,,,,,0.062,0.438,,0.25,,,,,,,,,,,,,,,,,0.373,0.407,0.326,0.41,,,,,,,K-12,1,,West Allis,Public school district,No,No,0.046,44.5,50.8,44.5,10.4,59.4,60.7,87.2,,74.9,75.4,47.8,38.8,85.7,57.0,52.5,,,,,,,0.25,,0.256,0.384,0.174,0.364,,0.945,0.947,SwD,0.914,Amer Indian,0.909,0.263,0.379,0.201,0.375,,,,,,,,,,,,,,,,,,,,,,,,,,,,,,,,,,,,,,,,,,,,,,,,,,,,,,,,,,,,,,,,,,,,,,,,,,,,,,,,,,,,,,,,,,,,,,,,,,,,,,,,,,,,,,,,
2021-22,6419,,Cooperative Ed Serv Agcy 01,Whitefish Bay,93.1,Significantly Exceeds Expectations,K4,12.0,,2847.0,0.0,0.053,0.055,0.06,0.0,0.758,0.073,0.116,0.014,,0.0,0.014,,92.3,90.5,,98.3,100.0,,,,,,,,95.0,,,,,,,,,,,,,,,,,,,,59.6,57.7,,66,66,,,,,,91.2,,,,,,,,,,,,,,,,,,,,,,,,,,,,,,,,,0.45,0.05,,0.25,,,,,,,,,,,,,,,,,0.694,0.407,0.689,0.41,,,,,,,K-12,1,,Whitefish Bay,Public school district,No,No,0.02,91.4,99.2,94.7,48.8,89.8,92.2,92.3,,93.5,96.3,79.6,90.4,85.7,57.0,52.5,,,,,,,0.25,,0.684,0.384,0.653,0.364,,0.979,0.978,SwD,0.899,SwD,0.894,0.722,0.379,0.7,0.375,,,,,,,,,,,,,,,,,,,,,,,,,,,,,,,,,,,,,,,,,,,,,,,,,,,,,,,,,,,,,,,,,,,,,,,,,,,,,,,,,,,,,,,,,,,,,,,,,,,,,,,,,,,,,,,,
2021-22,6470,,Cooperative Ed Serv Agcy 01,Whitnall,73.9,Exceeds Expectations,K4,12.0,,2400.0,0.001,0.046,0.042,0.158,0.0,0.696,0.057,0.149,0.263,,0.001,0.018,,69.5,65.1,,73.6,69.8,,,,,,,,97.1,,,,,,,,,,,,,,,,,,,,59.6,57.7,,66,66,,,,,,91.2,,,,,,,,,,,,,,,,,,,,,,,,,,,,,,,,,0.308,0.192,,0.25,,,,,,,,,,,,,,,,,0.481,0.407,0.46,0.41,,,,,,,K-12,1,,Greenfield,Public school district,No,No,0.02,67.3,71.7,69.7,23.4,73.6,82.8,95.4,,87.9,90.7,70.2,57.7,85.7,57.0,52.5,,,,,,,0.25,,0.442,0.384,0.428,0.364,,0.986,0.984,SwD,0.945,SwD,0.937,0.479,0.379,0.449,0.375,,,,,,,,,,,,,,,,,,,,,,,,,,,,,,,,,,,,,,,,,,,,,,,,,,,,,,,,,,,,,,,,,,,,,,,,,,,,,,,,,,,,,,,,,,,,,,,,,,,,,,,,,,,,,,,,
2022-23,1253,,Cooperative Ed Serv Agcy 01,Cudahy,56.2,Meets Few Expectations,K4,12.0,,2093.0,0.007,0.017,0.094,0.284,0.002,0.517,0.078,0.201,0.634,,0.001,0.057,,47.7,36.5,,56.5,47.0,,,,,,,,92.7,,,,,,,,,,,,,,,,,,,,60.1,57.2,,66,66,,,,,,91.8,,,,,,,,,,,,,,,,,,,,,,,,,,,,,,,,,0.061,0.439,,0.25,,,,,,,,,,,,,,,,,,,,,,,,,,,K-12,1,,Cudahy,Public school district,N,N,0.096,42.1,51.8,49.6,10.6,63.2,62.5,91.5,,74.1,71.3,56.2,29.0,82.0,56.8,50.8,,,,,,,0.25,,0.26,0.384,0.201,0.364,,,,,,,,0.275,0.379,0.201,0.375,0.973,0.972,SwD,0.911,SwD,0.915,0.28,0.404,0.198,0.385,638,123,0.193,119,0.187,23,0.036,19,0.03,334,0.524,0,0,117,0.183,0,0,266732.0,53622.0,0.201,61773.0,0.232,10518.0,0.039,22745.0,0.085,72541.0,0.272,1122.0,0.004,51072.0,0.191,4785.0,0.018,,,,,,,,,,,,,,,,,,,,,,,,,,,,,,,,,,,,,,,,,,,,,,,,,,,,,,,,,,,,,,,,,,,,
2022-23,1890,,Cooperative Ed Serv Agcy 01,Fox Point J2,94.0,Significantly Exceeds Expectations,K4,8.0,,825.0,0.0,0.055,0.055,0.056,0.005,0.75,0.08,0.118,0.079,,0.0,0.024,,94.7,94.5,,88.8,98.3,,,,,,,,,96.2,,,,,,,,,,,,,,,,,,,59.4,59.4,,66,66,,,,,,,92.3,,,,,,,,,,,,,,,,,,,,,,,,,,,,,,,,0.431,0.069,,0.25,,,,,,,,,,,,,,,,,,,,,,,,,,,K-8,1,,Milwaukee,Public school district,N,N,0.04,94.6,93.6,93.0,51.3,85.0,94.9,,95.6,94.1,96.5,87.6,82.1,83.9,56.8,50.8,,,,,,,0.25,,0.647,0.379,0.621,0.377,,,,,,,,0.701,0.374,0.728,0.393,0.984,0.984,SwD,0.938,SwD,0.938,0.755,0.394,0.771,0.41,,,,,,,,,,,,,,,,,,,,,,,,,,,,,,,,,,,,,,,,,,,,,,,,,,,,,,,,,,,,,,,,,,,,,,,,,,,,,,,,,,,,,,,,,,,,,,,,,,,,,,
2022-23,1900,,Cooperative Ed Serv Agcy 01,Franklin Public,76.0,Exceeds Expectations,K4,12.0,,4762.0,0.003,0.121,0.019,0.109,0.0,0.688,0.059,0.092,0.176,,0.001,0.021,,78.1,77.5,,69.8,62.2,,,,,,,,98.0,,,,,,,,,,,,,,,,,,,,60.1,57.2,,66,66,,,,,,91.8,,,,,,,,,,,,,,,,,,,,,,,,,,,,,,,,,0.366,0.134,,0.25,,,,,,,,,,,,,,,,,,,,,,,,,,,K-12,1,,Franklin,Public school district,N,N,0.044,77.8,66.0,64.1,32.6,61.3,88.0,97.7,,90.6,93.9,71.2,67.5,82.0,56.8,50.8,,,,,,,0.25,,0.549,0.384,0.556,0.364,,,,,,,,0.551,0.379,0.568,0.375,0.99,0.99,SwD,0.961,SwD,0.965,0.56,0.404,0.541,0.385,1580,577,0.365,794,0.503,354,0.224,345,0.218,605,0.383,0,0,227,0.144,0,0,266732.0,53622.0,0.201,61773.0,0.232,10518.0,0.039,22745.0,0.085,72541.0,0.272,1122.0,0.004,51072.0,0.191,4785.0,0.018,"This district contains one or more schools reported as detention facilities as indicated in Wis. Stat. 115.385(1g)(f) with at least 50% of students enrolled for less than an entire school term. As a result, the following schools are excluded from this district report card: Milwaukee County Correctional Facility South.",,,,,,,,,,,,,,,,,,,,,,,,,,,,,,,,,,,,,,,,,,,,,,,,,,,,,,,,,,,,,,,,,,,
2022-23,2184,,Cooperative Ed Serv Agcy 01,Glendale-River Hills,67.3,Meets Expectations,K4,8.0,,962.0,0.002,0.044,0.327,0.099,0.003,0.429,0.096,0.164,0.363,,0.0,0.036,,61.7,54.3,,64.1,69.8,,,,,,,,,94.6,,,,,,,,,,,,,,,,,,,59.4,59.4,,66,66,,,,,,,92.3,,,,,,,,,,,,,,,,,,,,,,,,,,,,,,,,0.241,0.259,,0.25,,,,,,,,,,,,,,,,,,,,,,,,,,,K-8,1,,Glendale,Public school district,N,N,0.03,58.0,66.9,58.1,13.0,64.1,87.5,,92.6,85.9,93.0,65.6,42.8,83.9,56.8,50.8,,,,,,,0.25,,0.374,0.379,0.268,0.377,,,,,,,,0.41,0.374,0.341,0.393,0.98,0.977,SwD,0.933,Asian,0.917,0.431,0.394,0.406,0.41,,,,,,,,,,,,,,,,,,,,,,,,,,,,,,,,,,,,,,,,,,,,,,,,,,,,,,,,,,,,,,,,,,,,,,,,,,,,,,,,,,,,,,,,,,,,,,,,,,,,,,
2022-23,2296,,Cooperative Ed Serv Agcy 01,Greendale,75.8,Exceeds Expectations,K4,12.0,,2664.0,0.003,0.051,0.021,0.174,0.0,0.691,0.06,0.136,0.265,,0.001,0.027,,75.7,69.8,,77.4,75.5,,,,,,,,95.2,,,,,,,,,,,,,,,,,,,,60.1,57.2,,66,66,,,,,,91.8,,,,,,,,,,,,,,,,,,,,,,,,,,,,,,,,,0.307,0.193,,0.25,,,,,,,,,,,,,,,,,,,,,,,,,,,K-12,1,,Greendale,Public school district,N,N,0.063,72.8,76.5,66.7,26.3,69.8,83.3,92.5,,87.9,91.7,70.8,60.8,82.0,56.8,50.8,,,,,,,0.25,,0.487,0.384,0.443,0.364,,,,,,,,0.517,0.379,0.489,0.375,0.987,0.987,SwD,0.945,SwD,0.945,0.552,0.404,0.496,0.385,915,204,0.223,228,0.249,0,0,0,0,110,0.12,0,0,262,0.286,28,0.031,266732.0,53622.0,0.201,61773.0,0.232,10518.0,0.039,22745.0,0.085,72541.0,0.272,1122.0,0.004,51072.0,0.191,4785.0,0.018,,,,,,,,,,,,,,,,,,,,,,,,,,,,,,,,,,,,,,,,,,,,,,,,,,,,,,,,,,,,,,,,,,,,
2022-23,2303,,Cooperative Ed Serv Agcy 01,Greenfield,66.0,Meets Expectations,K4,12.0,,3493.0,0.006,0.087,0.054,0.291,0.002,0.489,0.07,0.125,0.475,,0.001,0.037,,56.1,46.9,,67.9,60.3,,,,,,,,94.6,,,,,,,,,,,,,,,,,,,,60.1,57.2,,66,66,,,,,,91.8,,,,,,,,,,,,,,,,,,,,,,,,,,,,,,,,,0.167,0.333,,0.25,,,,,,,,,,,,,,,,,,,,,,,,,,,K-12,1,,Greenfield,Public school district,N,N,0.09,51.5,64.1,60.5,14.7,67.9,82.8,91.4,,83.7,88.2,57.3,48.9,82.0,56.8,50.8,,,,,,,0.25,,0.335,0.384,0.265,0.364,,,,,,,,0.326,0.379,0.262,0.375,0.978,0.979,SwD,0.927,SwD,0.93,0.357,0.404,0.288,0.385,1102,280,0.254,0,0,0,0,0,0,274,0.249,0,0,183,0.166,13,0.012,266732.0,53622.0,0.201,61773.0,0.232,10518.0,0.039,22745.0,0.085,72541.0,0.272,1122.0,0.004,51072.0,0.191,4785.0,0.018,,,,,,,,,,,,,,,,,,,,,,,,,,,,,,,,,,,,,,,,,,,,,,,,,,,,,,,,,,,,,,,,,,,,
2022-23,1897,,Cooperative Ed Serv Agcy 01,Maple Dale-Indian Hill,83.2,Significantly Exceeds Expectations,K4,8.0,,442.0,0.0,0.09,0.088,0.095,0.0,0.67,0.057,0.167,0.138,,0.0,0.032,,83.7,80.5,,92.6,83.1,,,,,,,,,94.2,,,,,,,,,,,,,,,,,,,59.4,59.4,,66,66,,,,,,,92.3,,,,,,,,,,,,,,,,,,,,,,,,,,,,,,,,0.391,0.109,,0.25,,,,,,,,,,,,,,,,,,,,,,,,,,,K-8,1,,Fox Point,Public school district,N,N,0.054,82.1,87.9,74.6,32.7,74.6,86.9,,94.1,91.3,93.6,81.2,80.7,83.9,56.8,50.8,,,,,,,0.25,,0.579,0.379,0.56,0.377,,,,,,,,0.619,0.374,0.619,0.393,0.988,0.985,EL,0.92,EL,0.88,0.665,0.394,0.641,0.41,,,,,,,,,,,,,,,,,,,,,,,,,,,,,,,,,,,,,,,,,,,,,,,,,,,,,,,,,,,,,,,,,,,,,,,,,,,,,,,,,,,,,,,,,,,,,,,,,,,,,,
2022-23,3619,,Cooperative Ed Serv Agcy 01,Milwaukee,58.0,Meets Expectations,K3,12.0,,67495.0,0.004,0.084,0.498,0.281,0.001,0.093,0.04,0.191,0.825,,0.057,0.058,,32.5,23.0,,69.8,60.3,,,,,,,,71.1,,,,,,,,,,,,,,,,,,,,60.1,57.2,,66,66,,,,,,91.8,,,,,,,,,,,,,,,,,,,,,,,,,,,,,,,,,0.05,0.45,,0.25,,,,,,,,,,,,,,,,,,,,,,,,,,,K-12,1,,Milwaukee,Public school district,N,N,0.145,27.8,65.1,53.9,8.8,75.5,52.4,79.4,,55.3,55.8,26.8,19.0,82.0,56.8,50.8,,,,,,,0.25,,0.175,0.384,0.095,0.364,,,,,,,,0.157,0.379,0.105,0.375,0.872,0.872,Amer Indian,0.757,Amer Indian,0.763,0.173,0.404,0.111,0.385,19227,5730,0.298,935,0.049,61,0.003,116,0.006,5919,0.308,90,0.005,2836,0.148,310,0.016,266732.0,53622.0,0.201,61773.0,0.232,10518.0,0.039,22745.0,0.085,72541.0,0.272,1122.0,0.004,51072.0,0.191,4785.0,0.018,"This district contains one or more schools reported as detention facilities as indicated in Wis. Stat. 115.385(1g)(f) with at least 50% of students enrolled for less than an entire school term. As a result, the following schools are excluded from this district report card: Milwaukee County Youth Education Center.",,,,,,,,,,,,,,,,,,,,,,,,,,,,,,,,,,,,,,,,,,,,,,,,,,,,,,,,,,,,,,,,,,,
2022-23,4018,,Cooperative Ed Serv Agcy 01,Oak Creek-Franklin Joint,70.8,Exceeds Expectations,K4,12.0,,6510.0,0.003,0.08,0.051,0.17,0.001,0.644,0.052,0.11,0.335,,0.002,0.038,,67.1,65.4,,66.0,69.8,,,,,,,,97.5,,,,,,,,,,,,,,,,,,,,60.1,57.2,,66,66,,,,,,91.8,,,,,,,,,,,,,,,,,,,,,,,,,,,,,,,,,0.26,0.24,,0.25,,,,,,,,,,,,,,,,,,,,,,,,,,,K-12,1,,Oak Creek,Public school district,N,N,0.086,66.3,67.9,61.7,20.9,67.9,75.3,95.1,,87.2,87.3,68.0,64.9,82.0,56.8,50.8,,,,,,,0.25,,0.438,0.384,0.433,0.364,,,,,,,,0.448,0.379,0.446,0.375,0.975,0.975,SwD,0.933,SwD,0.931,0.465,0.404,0.456,0.385,2097,558,0.266,896,0.427,204,0.097,53,0.025,541,0.258,0,0,345,0.165,55,0.026,266732.0,53622.0,0.201,61773.0,0.232,10518.0,0.039,22745.0,0.085,72541.0,0.272,1122.0,0.004,51072.0,0.191,4785.0,0.018,,,,,,,,,,,,,,,,,,,,,,,,,,,,,,,,,,,,,,,,,,,,,,,,,,,,,,,,,,,,,,,,,,,,
2022-23,5026,,Cooperative Ed Serv Agcy 01,Saint Francis,68.3,Meets Expectations,K4,12.0,,1066.0,0.009,0.029,0.08,0.326,0.0,0.49,0.067,0.149,0.514,,0.003,0.056,,53.1,45.4,,62.2,75.5,,,,,,,,98.5,,,,,,,,,,,,,,,,,,,,60.1,57.2,,66,66,,,,,,91.8,,,,,,,,,,,,,,,,,,,,,,,,,,,,,,,,,0.141,0.359,,0.25,,,,,,,,,,,,,,,,,,,,,,,,,,,K-12,1,,Saint Francis,Public school district,N,N,0.067,49.3,68.9,65.8,14.2,77.4,64.4,98.6,,80.6,73.9,73.7,42.6,82.0,56.8,50.8,,,,,,,0.25,,0.256,0.384,0.214,0.364,,,,,,,,0.331,0.379,0.292,0.375,0.977,0.977,Black,0.935,Black,0.935,0.353,0.404,0.313,0.385,510,60,0.118,46,0.09,16,0.031,8,0.016,143,0.28,0,0,67,0.131,0,0,266732.0,53622.0,0.201,61773.0,0.232,10518.0,0.039,22745.0,0.085,72541.0,0.272,1122.0,0.004,51072.0,0.191,4785.0,0.018,,,,,,,,,,,,,,,,,,,,,,,,,,,,,,,,,,,,,,,,,,,,,,,,,,,,,,,,,,,,,,,,,,,,
2022-23,5355,,Cooperative Ed Serv Agcy 01,Shorewood,79.4,Exceeds Expectations,K4,12.0,,1933.0,0.002,0.074,0.109,0.094,0.001,0.642,0.079,0.104,0.23,,0.003,0.026,,83.5,78.9,,83.1,69.8,,,,,,,,98.2,,,,,,,,,,,,,,,,,,,,60.1,57.2,,66,66,,,,,,91.8,,,,,,,,,,,,,,,,,,,,,,,,,,,,,,,,,0.33,0.17,,0.25,,,,,,,,,,,,,,,,,,,,,,,,,,,K-12,1,,Shorewood,Public school district,N,N,0.044,81.2,76.4,71.0,32.0,72.7,74.7,100.0,,87.4,83.3,91.4,56.9,82.0,56.8,50.8,,,,,,,0.25,,0.602,0.384,0.55,0.364,,,,,,,,0.579,0.379,0.564,0.375,0.985,0.985,SwD,0.932,SwD,0.932,0.651,0.404,0.594,0.385,657,0,0,0,0,0,0,0,0,26,0.04,0,0,1,0.002,3,0.005,266732.0,53622.0,0.201,61773.0,0.232,10518.0,0.039,22745.0,0.085,72541.0,0.272,1122.0,0.004,51072.0,0.191,4785.0,0.018,,,,,,,,,,,,,,,,,,,,,,,,,,,,,,,,,,,,,,,,,,,,,,,,,,,,,,,,,,,,,,,,,,,,
2022-23,5439,,Cooperative Ed Serv Agcy 01,South Milwaukee,62.8,Meets Expectations,K4,12.0,,2773.0,0.004,0.013,0.063,0.274,0.0,0.576,0.07,0.176,0.555,,0.0,0.045,,46.5,43.6,,60.3,62.2,,,,,,,,91.5,,,,,,,,,,,,,,,,,,,,60.1,57.2,,66,66,,,,,,91.8,,,,,,,,,,,,,,,,,,,,,,,,,,,,,,,,,0.113,0.387,,0.25,,,,,,,,,,,,,,,,,,,,,,,,,,,K-12,1,,South Milwaukee,Public school district,N,N,0.058,45.1,61.3,58.3,10.3,70.8,67.0,94.8,,77.6,79.3,51.5,40.9,82.0,56.8,50.8,,,,,,,0.25,,0.257,0.384,0.231,0.364,,,,,,,,0.251,0.379,0.234,0.375,0.975,0.977,SwD,0.95,SwD,0.956,0.285,0.404,0.258,0.385,975,232,0.238,300,0.308,109,0.112,26,0.027,340,0.349,0,0,148,0.152,0,0,266732.0,53622.0,0.201,61773.0,0.232,10518.0,0.039,22745.0,0.085,72541.0,0.272,1122.0,0.004,51072.0,0.191,4785.0,0.018,,,,,,,,,,,,,,,,,,,,,,,,,,,,,,,,,,,,,,,,,,,,,,,,,,,,,,,,,,,,,,,,,,,,
2022-23,6244,,Cooperative Ed Serv Agcy 01,Wauwatosa,72.3,Exceeds Expectations,K4,12.0,,6661.0,0.002,0.041,0.172,0.086,0.001,0.622,0.077,0.141,0.214,,0.016,0.022,,74.6,70.3,,71.7,73.6,,,,,,,,95.3,,,,,,,,,,,,,,,,,,,,60.1,57.2,,66,66,,,,,,91.8,,,,,,,,,,,,,,,,,,,,,,,,,,,,,,,,,0.341,0.159,,0.25,,,,,,,,,,,,,,,,,,,,,,,,,"This district contains one or more virtual charter schools with at least 50% open enrollment as indicated in Wis. Stat. 115.385(1g)(d). As a result, the following schools are excluded from this district report card: Wauwatosa Virtual Academy.",,K-12,1,,Wauwatosa,Public school district,N,N,0.018,72.4,72.7,59.1,26.1,66.0,68.6,91.3,,85.1,83.6,75.9,59.4,82.0,56.8,50.8,,,,,,,0.25,,0.52,0.384,0.468,0.364,,,,,,,,0.508,0.379,0.492,0.375,0.983,0.985,SwD,0.942,SwD,0.949,0.545,0.404,0.5,0.385,2084,1176,0.564,14,0.007,30,0.014,1,0,412,0.198,0,0,466,0.224,126,0.06,266732.0,53622.0,0.201,61773.0,0.232,10518.0,0.039,22745.0,0.085,72541.0,0.272,1122.0,0.004,51072.0,0.191,4785.0,0.018,"This district contains one or more schools reported as detention facilities as indicated in Wis. Stat. 115.385(1g)(f) with at least 50% of students enrolled for less than an entire school term. As a result, the following schools are excluded from this district report card: Vel R Phillips School.",,,,,,,,,,,,,,,,,,,,,,,,,,,,,,,,,,,,,,,,,,,,,,,,,,,,,,,,,,,,,,,,,,,
2022-23,6300,,Cooperative Ed Serv Agcy 01,West Allis-West Milwaukee,59.8,Meets Expectations,K4,12.0,,7095.0,0.008,0.028,0.117,0.304,0.001,0.448,0.094,0.158,0.637,,0.004,0.058,,47.0,36.6,,60.3,58.4,,,,,,,,90.5,,,,,,,,,,,,,,,,,,,,60.1,57.2,,66,66,,,,,,91.8,,,,,,,,,,,,,,,,,,,,,,,,,,,,,,,,,0.059,0.441,,0.25,,,,,,,,,,,,,,,,,,,,,,,,,,,K-12,1,,West Allis,Public school district,N,N,0.053,41.8,59.4,51.2,9.7,66.9,59.6,89.3,,73.4,73.6,45.8,32.2,82.0,56.8,50.8,,,,,,,0.25,,0.256,0.384,0.174,0.364,,,,,,,,0.263,0.379,0.201,0.375,0.93,0.935,SwD,0.869,SwD,0.876,0.295,0.404,0.216,0.385,2387,522,0.219,0,0,7,0.003,26,0.011,508,0.213,0,0,273,0.114,10,0.004,266732.0,53622.0,0.201,61773.0,0.232,10518.0,0.039,22745.0,0.085,72541.0,0.272,1122.0,0.004,51072.0,0.191,4785.0,0.018,,,,,,,,,,,,,,,,,,,,,,,,,,,,,,,,,,,,,,,,,,,,,,,,,,,,,,,,,,,,,,,,,,,,
2022-23,6419,,Cooperative Ed Serv Agcy 01,Whitefish Bay,95.0,Significantly Exceeds Expectations,K4,12.0,,2860.0,0.0,0.05,0.051,0.063,0.0,0.755,0.08,0.12,0.018,,0.001,0.009,,95.5,92.0,,100.0,100.0,,,,,,,,97.4,,,,,,,,,,,,,,,,,,,,60.1,57.2,,66,66,,,,,,91.8,,,,,,,,,,,,,,,,,,,,,,,,,,,,,,,,,0.45,0.05,,0.25,,,,,,,,,,,,,,,,,,,,,,,,,,,K-12,1,,Whitefish Bay,Public school district,N,N,0.018,93.8,100.0,96.3,51.3,88.8,92.0,98.3,,94.9,96.1,86.2,88.7,82.0,56.8,50.8,,,,,,,0.25,,0.684,0.384,0.653,0.364,,,,,,,,0.722,0.379,0.7,0.375,0.976,0.977,SwD,0.889,SwD,0.898,0.775,0.404,0.714,0.385,948,315,0.332,0,0,0,0,0,0,294,0.31,0,0,243,0.256,0,0,266732.0,53622.0,0.201,61773.0,0.232,10518.0,0.039,22745.0,0.085,72541.0,0.272,1122.0,0.004,51072.0,0.191,4785.0,0.018,,,,,,,,,,,,,,,,,,,,,,,,,,,,,,,,,,,,,,,,,,,,,,,,,,,,,,,,,,,,,,,,,,,,
2022-23,6470,,Cooperative Ed Serv Agcy 01,Whitnall,76.1,Exceeds Expectations,K4,12.0,,2397.0,0.001,0.04,0.04,0.166,0.0,0.694,0.059,0.139,0.3,,0.0,0.021,,71.6,67.2,,77.4,79.3,,,,,,,,97.3,,,,,,,,,,,,,,,,,,,,60.1,57.2,,66,66,,,,,,91.8,,,,,,,,,,,,,,,,,,,,,,,,,,,,,,,,,0.283,0.217,,0.25,,,,,,,,,,,,,,,,,,,,,,,,,,,K-12,1,,Greenfield,Public school district,N,N,0.021,69.4,78.4,69.9,25.8,72.7,80.5,98.3,,87.8,89.5,71.0,59.6,82.0,56.8,50.8,,,,,,,0.25,,0.442,0.384,0.428,0.364,,,,,,,,0.479,0.379,0.449,0.375,0.986,0.986,Black,0.945,Black,0.945,0.519,0.404,0.493,0.385,818,290,0.355,80,0.098,16,0.02,70,0.086,260,0.318,0,0,140,0.171,60,0.073,266732.0,53622.0,0.201,61773.0,0.232,10518.0,0.039,22745.0,0.085,72541.0,0.272,1122.0,0.004,51072.0,0.191,4785.0,0.018,,,,,,,,,,,,,,,,,,,,,,,,,,,,,,,,,,,,,,,,,,,,,,,,,,,,,,,,,,,,,,,,,,,,
2023-24,1253,,,Cudahy,58.7,Meets Expectations,,,,2054.0,0.005,0.014,0.091,0.301,0.002,0.505,0.081,0.207,0.62,,0.002,0.059,,,,,,,,,,,,,,,,,,,,,,,,,,,,,,,,,,58.3,57.6,,66,66,,,,,,92.0,,,,,,,,,,,,,,,,,,,,,,,,,,,,,,,,,0.07,0.43,,0.25,,,,,,,,,,,,,,,,,,,,,,,,,,,K-12,1,,Cudahy,,No,No,0.096,,,,,,,,,,,,,80.2,57.0,54.5,,,,,,,0.25,,,,,,,,,,,,,,0.379,,0.375,,,,,,,,0.404,,0.385,667,111,0.166,85,0.127,62,0.093,13,0.019,366,0.549,0,0,141,0.211,0,0,266777.0,56299.0,0.211,68507.0,0.257,12628.0,0.047,22616.0,0.085,77743.0,0.291,1253.0,0.005,51304.0,0.192,5850.0,0.022,,2684.0,,District,K4,12.0,Public school district,,,0.114,42.9,47.7,38.0,56.5,58.4,54.6,52.8,10.6,67.9,63.8,86.9,,73.0,69.8,89.6,,59.0,33.7,0.968,0.968,Black,0.934,Black,0.934,0.275,0.201,0.28,0.198,0.409,0.5,0.337,0.51,218,0.327,430,0.645,118354.0,0.444,119834.0,0.449,,,,,,,,,,,,,,,,,,
2023-24,1890,,,Fox Point J2,93.8,Significantly Exceeds Expectations,,,,822.0,0.0,0.049,0.044,0.056,0.005,0.763,0.084,0.135,0.079,,0.0,0.007,,,,,,,,,,,,,,,,,,,,,,,,,,,,,,,,,,58.4,60.1,,66,66,,,,,,,93.0,,,,,,,,,,,,,,,,,,,,,,,,,,,,,,,,0.431,0.069,,0.25,,,,,,,,,,,,,,,,,,,,,,,,,,,K-8,1,,Milwaukee,,No,No,0.027,,,,,,,,,,,,,82.2,57.0,54.5,,,,,,,0.25,,,,,,,,,,,,,,0.374,,0.393,,,,,,,,0.394,,0.41,,,,,,,,,,,,,,,,,,,,,,,,,,,,,,,,,,,,5147.0,,District,K4,8.0,Public school district,,,0.057,96.5,94.7,98.3,90.7,88.8,92.6,90.5,55.0,81.2,95.1,,93.9,93.5,95.3,,94.7,88.4,86.2,0.99,0.99,Black,0.933,Black,0.933,0.701,0.728,0.755,0.771,0.839,0.515,0.851,0.533,,,,,,,,,,,,,,,,,,,,,,,,,,
2023-24,1900,,,Franklin Public,75.0,Exceeds Expectations,,,,4706.0,0.003,0.129,0.019,0.113,0.0,0.676,0.061,0.094,0.212,,0.0,0.018,,,,,,,,,,,,,,,,,,,,,,,,,,,,,,,,,,58.3,57.6,,66,66,,,,,,92.0,,,,,,,,,,,,,,,,,,,,,,,,,,,,,,,,,0.342,0.158,,0.25,,,,,,,,,,,,,,,,,,,,,,,,,,,K-12,1,,Franklin,,No,No,0.047,,,,,,,,,,,,,80.2,57.0,54.5,,,,,,,0.25,,,,,,,,,,,,,,0.379,,0.375,,,,,,,,0.404,,0.385,1548,588,0.38,807,0.521,314,0.203,357,0.231,572,0.37,0,0,240,0.155,0,0,266777.0,56299.0,0.211,68507.0,0.257,12628.0,0.047,22616.0,0.085,77743.0,0.291,1253.0,0.005,51304.0,0.192,5850.0,0.022,"This district contains one or more schools reported as detention facilities as indicated in Wis. Stat. 115.385(1g)(f) with at least 50% of students enrolled for less than an entire school term. As a result, the following schools are excluded from this district report card: Milwaukee County Community Reintegration Center.",3024.0,,District,K4,12.0,Public school district,,,0.09,77.8,78.1,77.5,66.0,69.8,62.2,61.6,32.6,60.3,84.4,95.2,,90.2,92.3,97.8,,71.2,70.6,0.99,0.99,SwD,0.976,SwD,0.976,0.551,0.568,0.56,0.541,0.637,0.5,0.664,0.51,1182,0.764,700,0.452,118354.0,0.444,119834.0,0.449,,,,,,,,,,,,,,,,,,
2023-24,2184,,,Glendale-River Hills,68.8,Meets Expectations,,,,963.0,0.0,0.036,0.335,0.106,0.001,0.426,0.096,0.19,0.35,,0.001,0.02,,,,,,,,,,,,,,,,,,,,,,,,,,,,,,,,,,58.4,60.1,,66,66,,,,,,,93.0,,,,,,,,,,,,,,,,,,,,,,,,,,,,,,,,0.25,0.25,,0.25,,,,,,,,,,,,,,,,,,,,,,,,,,,K-8,1,,Glendale,,No,No,0.023,,,,,,,,,,,,,82.2,57.0,54.5,,,,,,,0.25,,,,,,,,,,,,,,0.374,,0.393,,,,,,,,0.394,,0.41,,,,,,,,,,,,,,,,,,,,,,,,,,,,,,,,,,,,4733.0,,District,K4,8.0,Public school district,,,0.115,59.8,61.7,57.8,69.8,66.0,73.6,60.5,13.0,67.9,83.3,,92.9,85.0,90.4,,93.9,65.6,46.7,0.975,0.975,SwD,0.944,SwD,0.944,0.41,0.341,0.431,0.406,0.522,0.515,0.511,0.533,,,,,,,,,,,,,,,,,,,,,,,,,,
2023-24,2296,,,Greendale,76.0,Exceeds Expectations,,,,2609.0,0.002,0.056,0.023,0.18,0.001,0.675,0.062,0.136,0.293,,0.0,0.02,,,,,,,,,,,,,,,,,,,,,,,,,,,,,,,,,,58.3,57.6,,66,66,,,,,,92.0,,,,,,,,,,,,,,,,,,,,,,,,,,,,,,,,,0.288,0.212,,0.25,,,,,,,,,,,,,,,,,,,,,,,,,,,K-12,1,,Greendale,,No,No,0.056,,,,,,,,,,,,,80.2,57.0,54.5,,,,,,,0.25,,,,,,,,,,,,,,0.379,,0.375,,,,,,,,0.404,,0.385,860,239,0.278,225,0.262,3,0.003,5,0.006,133,0.155,0,0,206,0.24,90,0.105,266777.0,56299.0,0.211,68507.0,0.257,12628.0,0.047,22616.0,0.085,77743.0,0.291,1253.0,0.005,51304.0,0.192,5850.0,0.022,,2966.0,,District,K4,12.0,Public school district,,,0.11,73.7,75.7,71.7,74.6,73.6,75.5,67.1,28.0,69.8,80.5,94.3,,88.8,91.1,95.8,,72.1,68.7,0.987,0.987,SwD,0.938,SwD,0.938,0.517,0.489,0.552,0.496,0.64,0.5,0.65,0.51,341,0.397,335,0.39,118354.0,0.444,119834.0,0.449,,,,,,,,,,,,,,,,,,
2023-24,2303,,,Greenfield,63.2,Meets Expectations,,,,3410.0,0.006,0.083,0.055,0.308,0.002,0.476,0.07,0.136,0.533,,0.003,0.043,,,,,,,,,,,,,,,,,,,,,,,,,,,,,,,,,,58.3,57.6,,66,66,,,,,,92.0,,,,,,,,,,,,,,,,,,,,,,,,,,,,,,,,,0.128,0.372,,0.25,,,,,,,,,,,,,,,,,,,,,,,,,,,K-12,1,,Greenfield,,No,No,0.097,,,,,,,,,,,,,80.2,57.0,54.5,,,,,,,0.25,,,,,,,,,,,,,,0.379,,0.375,,,,,,,,0.404,,0.385,1118,300,0.268,37,0.033,0,0,14,0.013,362,0.324,0,0,227,0.203,47,0.042,266777.0,56299.0,0.211,68507.0,0.257,12628.0,0.047,22616.0,0.085,77743.0,0.291,1253.0,0.005,51304.0,0.192,5850.0,0.022,,5609.0,,District,K4,12.0,Public school district,,,0.122,51.7,56.1,47.3,59.4,58.4,60.3,55.0,14.7,62.2,78.2,94.1,,83.1,85.4,95.3,,57.5,50.3,0.98,0.979,SwD,0.929,SwD,0.929,0.326,0.262,0.357,0.288,0.435,0.5,0.411,0.51,326,0.292,537,0.48,118354.0,0.444,119834.0,0.449,,,,,,,,,,,,,,,,,,
2023-24,1897,,,Maple Dale-Indian Hill,85.5,Significantly Exceeds Expectations,,,,424.0,0.0,0.073,0.071,0.09,0.0,0.7,0.066,0.167,0.134,,0.0,0.024,,,,,,,,,,,,,,,,,,,,,,,,,,,,,,,,,,58.4,60.1,,66,66,,,,,,,93.0,,,,,,,,,,,,,,,,,,,,,,,,,,,,,,,,0.394,0.106,,0.25,,,,,,,,,,,,,,,,,,,,,,,,,,,K-8,1,,Fox Point,,No,No,0.031,,,,,,,,,,,,,82.2,57.0,54.5,,,,,,,0.25,,,,,,,,,,,,,,0.374,,0.393,,,,,,,,0.394,,0.41,,,,,,,,,,,,,,,,,,,,,,,,,,,,,,,,,,,,4732.0,,District,K4,8.0,Public school district,,,0.068,84.6,84.7,84.5,85.0,88.8,81.2,80.1,37.8,78.4,88.8,,93.1,92.4,93.2,,94.7,86.2,86.4,0.996,0.996,SwD,0.972,SwD,0.972,0.619,0.619,0.665,0.641,0.761,0.515,0.776,0.533,,,,,,,,,,,,,,,,,,,,,,,,,,
2023-24,3619,,,Milwaukee,58.2,Meets Expectations,,,,66842.0,0.004,0.088,0.495,0.281,0.001,0.09,0.042,0.193,0.835,,0.059,0.053,,,,,,,,,,,,,,,,,,,,,,,,,,,,,,,,,,58.3,57.6,,66,66,,,,,,92.0,,,,,,,,,,,,,,,,,,,,,,,,,,,,,,,,,0.05,0.45,,0.25,,,,,,,,,,,,,,,,,,,,,,,,,,,K-12,1,,Milwaukee,,No,No,0.156,,,,,,,,,,,,,80.2,57.0,54.5,,,,,,,0.25,,,,,,,,,,,,,,0.379,,0.375,,,,,,,,0.404,,0.385,19096,5880,0.308,657,0.034,39,0.002,133,0.007,6708,0.351,78,0.004,2730,0.143,394,0.021,266777.0,56299.0,0.211,68507.0,0.257,12628.0,0.047,22616.0,0.085,77743.0,0.291,1253.0,0.005,51304.0,0.192,5850.0,0.022,"This district contains one or more schools reported as detention facilities as indicated in Wis. Stat. 115.385(1g)(f) with at least 50% of students enrolled for less than an entire school term. As a result, the following schools are excluded from this district report card: Milwaukee County Youth Education Center.",4387.0,,District,K3,12.0,Public school district,,,0.035,27.8,32.5,23.0,67.0,71.7,62.2,53.3,8.8,78.4,45.2,74.8,,53.4,51.0,70.9,,26.8,20.0,0.87,0.872,Amer Indian,0.793,Amer Indian,0.805,0.157,0.105,0.173,0.111,0.238,0.5,0.189,0.51,6319,0.331,10850,0.568,118354.0,0.444,119834.0,0.449,,,,,,,,,,,,,,,,,,
2023-24,4018,,,Oak Creek-Franklin Joint,70.9,Exceeds Expectations,,,,6527.0,0.002,0.08,0.051,0.176,0.0,0.633,0.058,0.112,0.346,,0.001,0.037,,,,,,,,,,,,,,,,,,,,,,,,,,,,,,,,,,58.3,57.6,,66,66,,,,,,92.0,,,,,,,,,,,,,,,,,,,,,,,,,,,,,,,,,0.253,0.247,,0.25,,,,,,,,,,,,,,,,,,,,,,,,,,,K-12,1,,Oak Creek,,No,No,0.083,,,,,,,,,,,,,80.2,57.0,54.5,,,,,,,0.25,,,,,,,,,,,,,,0.379,,0.375,,,,,,,,0.404,,0.385,2080,501,0.241,1053,0.506,671,0.323,58,0.028,674,0.324,0,0,321,0.154,83,0.04,266777.0,56299.0,0.211,68507.0,0.257,12628.0,0.047,22616.0,0.085,77743.0,0.291,1253.0,0.005,51304.0,0.192,5850.0,0.022,,3545.0,,District,K4,12.0,Public school district,,,0.124,66.4,67.1,65.7,67.9,67.9,67.9,62.2,22.0,67.9,75.1,95.8,,87.1,86.4,96.9,,68.0,70.0,0.972,0.973,SwD,0.912,SwD,0.912,0.448,0.446,0.465,0.456,0.567,0.5,0.577,0.51,1521,0.731,899,0.432,118354.0,0.444,119834.0,0.449,,,,,,,,,,,,,,,,,,
2023-24,5026,,,Saint Francis,69.5,Meets Expectations,,,,1097.0,0.007,0.029,0.074,0.333,0.0,0.487,0.07,0.126,0.5,,0.003,0.043,,,,,,,,,,,,,,,,,,,,,,,,,,,,,,,,,,58.3,57.6,,66,66,,,,,,92.0,,,,,,,,,,,,,,,,,,,,,,,,,,,,,,,,,0.15,0.35,,0.25,,,,,,,,,,,,,,,,,,,,,,,,,,,K-12,1,,Saint Francis,,No,No,0.071,,,,,,,,,,,,,80.2,57.0,54.5,,,,,,,0.25,,,,,,,,,,,,,,0.379,,0.375,,,,,,,,0.404,,0.385,519,64,0.123,29,0.056,35,0.067,5,0.01,169,0.326,0,0,68,0.131,0,0,266777.0,56299.0,0.211,68507.0,0.257,12628.0,0.047,22616.0,0.085,77743.0,0.291,1253.0,0.005,51304.0,0.192,5850.0,0.022,,5696.0,,District,K4,12.0,Public school district,,,0.44,51.7,53.1,50.3,69.8,58.4,81.2,69.4,16.7,83.0,64.5,90.2,,79.8,74.2,93.7,,79.1,47.0,0.991,0.991,Black,0.951,Black,0.951,0.331,0.292,0.353,0.313,0.427,0.5,0.47,0.51,115,0.222,219,0.422,118354.0,0.444,119834.0,0.449,,,,,,,,,,,,,,,,,,
2023-24,5355,,,Shorewood,77.6,Exceeds Expectations,,,,1927.0,0.001,0.074,0.102,0.1,0.0,0.642,0.081,0.102,0.229,,0.003,0.012,,,,,,,,,,,,,,,,,,,,,,,,,,,,,,,,,,58.3,57.6,,66,66,,,,,,92.0,,,,,,,,,,,,,,,,,,,,,,,,,,,,,,,,,0.331,0.169,,0.25,,,,,,,,,,,,,,,,,,,,,,,,,,,K-12,1,,Shorewood,,No,No,0.047,,,,,,,,,,,,,80.2,57.0,54.5,,,,,,,0.25,,,,,,,,,,,,,,0.379,,0.375,,,,,,,,0.404,,0.385,647,203,0.314,24,0.037,0,0,0,0,207,0.32,1,0.002,230,0.355,93,0.144,266777.0,56299.0,0.211,68507.0,0.257,12628.0,0.047,22616.0,0.085,77743.0,0.291,1253.0,0.005,51304.0,0.192,5850.0,0.022,,4825.0,,District,K4,12.0,Public school district,,,0.116,81.2,83.5,78.9,75.5,81.2,69.8,64.9,33.5,67.9,67.7,97.8,,87.1,79.5,99.4,,91.4,63.7,0.988,0.99,SwD,0.93,SwD,0.938,0.579,0.564,0.651,0.594,0.71,0.5,0.705,0.51,204,0.315,453,0.7,118354.0,0.444,119834.0,0.449,,,,,,,,,,,,,,,,,,
2023-24,5439,,,South Milwaukee,58.6,Meets Expectations,,,,2783.0,0.004,0.012,0.066,0.28,0.0,0.558,0.08,0.18,0.568,,0.002,0.049,,,,,,,,,,,,,,,,,,,,,,,,,,,,,,,,,,58.3,57.6,,66,66,,,,,,92.0,,,,,,,,,,,,,,,,,,,,,,,,,,,,,,,,,0.105,0.395,,0.25,,,,,,,,,,,,,,,,,,,,,,,,,,,K-12,1,,South Milwaukee,,No,No,0.065,,,,,,,,,,,,,80.2,57.0,54.5,,,,,,,0.25,,,,,,,,,,,,,,0.379,,0.375,,,,,,,,0.404,,0.385,943,236,0.25,275,0.292,94,0.1,51,0.054,347,0.368,0,0,161,0.171,39,0.041,266777.0,56299.0,0.211,68507.0,0.257,12628.0,0.047,22616.0,0.085,77743.0,0.291,1253.0,0.005,51304.0,0.192,5850.0,0.022,,3672.0,,District,K4,12.0,Public school district,,,0.138,45.4,46.5,44.2,54.6,50.8,58.4,51.9,10.5,65.1,64.4,92.2,,77.1,77.6,90.5,,56.4,41.9,0.973,0.974,SwD,0.947,SwD,0.95,0.251,0.234,0.285,0.258,0.367,0.5,0.37,0.51,453,0.48,456,0.484,118354.0,0.444,119834.0,0.449,,,,,,,,,,,,,,,,,,
2023-24,6244,,,Wauwatosa,71.3,Exceeds Expectations,,,,6527.0,0.002,0.04,0.178,0.089,0.0,0.611,0.08,0.149,0.248,,0.009,0.021,,,,,,,,,,,,,,,,,,,,,,,,,,,,,,,,,,58.3,57.6,,66,66,,,,,,92.0,,,,,,,,,,,,,,,,,,,,,,,,,,,,,,,,,0.318,0.182,,0.25,,,,,,,,,,,,,,,,,,,,,,,,,"This district contains one or more virtual charter schools with at least 50% open enrollment as indicated in Wis. Stat. 115.385(1g)(d). As a result, the following schools are excluded from this district report card: Wauwatosa Virtual Academy.",,K-12,1,,Wauwatosa,,No,No,0.019,,,,,,,,,,,,,80.2,57.0,54.5,,,,,,,0.25,,,,,,,,,,,,,,0.379,,0.375,,,,,,,,0.404,,0.385,2041,1157,0.567,44,0.022,42,0.021,102,0.05,648,0.317,0,0,441,0.216,169,0.083,266777.0,56299.0,0.211,68507.0,0.257,12628.0,0.047,22616.0,0.085,77743.0,0.291,1253.0,0.005,51304.0,0.192,5850.0,0.022,"This district contains one or more schools reported as detention facilities as indicated in Wis. Stat. 115.385(1g)(f) with at least 50% of students enrolled for less than an entire school term. As a result, the following schools are excluded from this district report card: Vel R Phillips School.",5495.0,,District,K4,12.0,Public school district,,,0.159,72.4,74.6,70.3,70.8,69.8,71.7,56.6,26.4,63.2,66.2,93.2,,85.1,82.3,95.4,,75.9,63.9,0.982,0.982,SwD,0.941,SwD,0.941,0.508,0.492,0.545,0.5,0.62,0.5,0.608,0.51,1198,0.587,1060,0.519,118354.0,0.444,119834.0,0.449,,,,,,,,,,,,,,,,,,
2023-24,6300,,,West Allis-West Milwaukee,64.2,Meets Expectations,,,,6938.0,0.007,0.029,0.121,0.313,0.001,0.435,0.093,0.167,0.651,,0.004,0.048,,,,,,,,,,,,,,,,,,,,,,,,,,,,,,,,,,58.3,57.6,,66,66,,,,,,92.0,,,,,,,,,,,,,,,,,,,,,,,,,,,,,,,,,0.05,0.45,,0.25,,,,,,,,,,,,,,,,,,,,,,,,,,,K-12,1,,West Allis,,No,No,0.057,,,,,,,,,,,,,80.2,57.0,54.5,,,,,,,0.25,,,,,,,,,,,,,,0.379,,0.375,,,,,,,,0.404,,0.385,2334,464,0.199,0,0,0,0,42,0.018,537,0.23,0,0,295,0.126,7,0.003,266777.0,56299.0,0.211,68507.0,0.257,12628.0,0.047,22616.0,0.085,77743.0,0.291,1253.0,0.005,51304.0,0.192,5850.0,0.022,,5553.0,,District,K4,12.0,Public school district,,,0.076,42.3,47.0,37.5,65.1,67.9,62.2,56.7,9.7,72.7,61.1,89.4,,74.4,74.0,91.2,,45.8,37.6,0.951,0.951,SwD,0.894,SwD,0.898,0.263,0.201,0.295,0.216,0.377,0.5,0.32,0.51,496,0.213,769,0.329,118354.0,0.444,119834.0,0.449,,,,,,,,,,,,,,,,,,
2023-24,6419,,,Whitefish Bay,94.3,Significantly Exceeds Expectations,,,,2831.0,0.0,0.051,0.046,0.059,0.001,0.763,0.079,0.131,0.019,,0.0,0.01,,,,,,,,,,,,,,,,,,,,,,,,,,,,,,,,,,58.3,57.6,,66,66,,,,,,92.0,,,,,,,,,,,,,,,,,,,,,,,,,,,,,,,,,0.45,0.05,,0.25,,,,,,,,,,,,,,,,,,,,,,,,,,,K-12,1,,Whitefish Bay,,No,No,0.016,,,,,,,,,,,,,80.2,57.0,54.5,,,,,,,0.25,,,,,,,,,,,,,,0.379,,0.375,,,,,,,,0.404,,0.385,938,380,0.405,0,0,0,0,0,0,311,0.332,0,0,261,0.278,15,0.016,266777.0,56299.0,0.211,68507.0,0.257,12628.0,0.047,22616.0,0.085,77743.0,0.291,1253.0,0.005,51304.0,0.192,5850.0,0.022,,5149.0,,District,K4,12.0,Public school district,,,0.0,94.6,95.5,93.6,96.4,96.4,96.4,91.9,53.8,83.1,91.3,98.3,,95.9,95.5,98.3,,90.8,93.0,0.977,0.977,SwD,0.892,SwD,0.892,0.722,0.7,0.775,0.714,0.85,0.5,0.852,0.51,380,0.405,508,0.542,118354.0,0.444,119834.0,0.449,,,,,,,,,,,,,,,,,,
2023-24,6470,,,Whitnall,74.3,Exceeds Expectations,,,,2394.0,0.001,0.043,0.043,0.18,0.0,0.674,0.058,0.148,0.297,,0.002,0.023,,,,,,,,,,,,,,,,,,,,,,,,,,,,,,,,,,58.3,57.6,,66,66,,,,,,92.0,,,,,,,,,,,,,,,,,,,,,,,,,,,,,,,,,0.285,0.215,,0.25,,,,,,,,,,,,,,,,,,,,,,,,,,,K-12,1,,Greenfield,,No,No,0.024,,,,,,,,,,,,,80.2,57.0,54.5,,,,,,,0.25,,,,,,,,,,,,,,0.379,,0.375,,,,,,,,0.404,,0.385,812,317,0.39,30,0.037,24,0.03,25,0.031,283,0.349,0,0,161,0.198,43,0.053,266777.0,56299.0,0.211,68507.0,0.257,12628.0,0.047,22616.0,0.085,77743.0,0.291,1253.0,0.005,51304.0,0.192,5850.0,0.022,,5610.0,,District,K4,12.0,Public school district,,,0.171,70.1,71.6,68.6,74.6,73.6,75.5,64.9,26.3,66.9,79.5,99.1,,88.4,89.1,97.8,,71.0,65.6,0.974,0.976,SwD,0.916,SwD,0.916,0.479,0.449,0.519,0.493,0.592,0.5,0.613,0.51,355,0.437,398,0.49,118354.0,0.444,119834.0,0.449,,,,,,,,,,,,,,,,,,
2024-25,1253,,,Cudahy,59.9,Meets Few Expectations,,,,,0.007,0.017,0.088,0.316,0.001,0.49,0.081,0.198,0.626,,0.0,0.039,,,,,,,,,,,,,,,,,,,,,,,,,,,,,,,,,,63.9,65.6,,66,66,,,,,,91.9,,,,,,,,,,,,,,,,,,,,,,,,,,,,,,,,,0.066,0.434,,0.25,,,,,,,,,,,,,,,,,,,,,,,,,,,K-12,1,,Cudahy,,,,0.106,,,,,,,,,,,,,80.2,64.7,69.3,,,,,,,0.25,,,,,,,,,,,,,,,,,,,,,,,,,,,645,136,0.211,164,0.254,29,0.045,16,0.025,360,0.558,0,0,169,0.262,0,0,267180.0,54170.0,0.203,71063.0,0.266,14749.0,0.055,21267.0,0.08,72036.0,0.27,1028.0,0.004,48831.0,0.183,4833.0,0.018,,2684.0,,District,K4,12.0,Public school district,,,0.123,52.2,56.6,47.8,54.6,60.3,48.9,55.5,19.4,63.2,62.9,90.0,,75.6,69.1,90.1,,68.2,50.8,,,,,,,,,,,,,,,268,0.416,420,0.651,116460.0,0.436,110282.0,0.413,,1985.0,0.956,0.963,SwD,0.911,SwD,0.919,0.409,0.5,0.337,0.511,0.431,0.505,0.298,0.513,63.6,50.3
2024-25,1890,,,Fox Point J2,96.8,Significantly Exceeds Expectations,,,,,0.0,0.043,0.038,0.064,0.005,0.77,0.08,0.124,0.074,,0.0,0.009,,,,,,,,,,,,,,,,,,,,,,,,,,,,,,,,,,64.9,68.5,,66,66,,,,,,,93.5,,,,,,,,,,,,,,,,,,,,,,,,,,,,,,,,0.434,0.066,,0.25,,,,,,,,,,,,,,,,,,,,,,,,,,,K-8,1,,Bayside,,,,0.026,,,,,,,,,,,,,82.5,64.7,69.3,,,,,,,0.25,,,,,,,,,,,,,,,,,,,,,,,,,,,,,,,,,,,,,,,,,,,,,,,,,,,,,,,,,,,,,,5147.0,,District,K4,8.0,Public school district,,,0.06,99.0,97.9,100.0,85.0,81.2,88.8,97.7,66.8,81.2,93.7,,94.9,95.3,93.8,,95.3,98.1,98.5,,,,,,,,,,,,,,,,,,,,,,,,813.0,0.99,0.99,Black,0.92,Black,0.92,0.839,0.516,0.851,0.533,0.877,0.517,0.863,0.527,88.2,50.3
2024-25,1900,,,Franklin Public,78.1,Exceeds Expectations,,,,,0.003,0.131,0.021,0.119,0.0,0.663,0.063,0.097,0.223,,0.0,0.017,,,,,,,,,,,,,,,,,,,,,,,,,,,,,,,,,,63.9,65.6,,66,66,,,,,,91.9,,,,,,,,,,,,,,,,,,,,,,,,,,,,,,,,,0.335,0.165,,0.25,,,,,,,,,,,,,,,,,,,,,,,,,,,K-12,1,,Franklin,,,,0.051,,,,,,,,,,,,,80.2,64.7,69.3,,,,,,,0.25,,,,,,,,,,,,,,,,,,,,,,,,,,,1590,630,0.396,731,0.46,258,0.162,467,0.294,632,0.397,0,0,194,0.122,1,0.001,267180.0,54170.0,0.203,71063.0,0.266,14749.0,0.055,21267.0,0.08,72036.0,0.27,1028.0,0.004,48831.0,0.183,4833.0,0.018,"This district contains one or more schools reported as detention facilities as indicated in Wis. Stat. 115.385(1g)(f) with at least 50% of students enrolled for less than an entire school term. As a result, the following schools are excluded from this district report card: Milwaukee County Community Reintegration Center.",3024.0,,District,K4,12.0,Public school district,,,0.089,79.4,77.8,81.0,67.9,69.8,66.0,68.7,38.5,62.2,83.6,96.6,,92.7,91.4,98.1,,80.4,88.4,,,,,,,,,,,,,,,1160,0.73,742,0.467,116460.0,0.436,110282.0,0.413,,4635.0,0.992,0.993,SwD,0.973,SwD,0.976,0.637,0.5,0.664,0.511,0.659,0.505,0.664,0.513,68.4,50.3
2024-25,2184,,,Glendale-River Hills,70.8,Meets Expectations,,,,,0.0,0.038,0.338,0.108,0.0,0.403,0.113,0.18,0.384,,0.0,0.031,,,,,,,,,,,,,,,,,,,,,,,,,,,,,,,,,,64.9,68.5,,66,66,,,,,,,93.5,,,,,,,,,,,,,,,,,,,,,,,,,,,,,,,,0.227,0.273,,0.25,,,,,,,,,,,,,,,,,,,,,,,,,,,K-8,1,,Glendale,,,,0.023,,,,,,,,,,,,,82.5,64.7,69.3,,,,,,,0.25,,,,,,,,,,,,,,,,,,,,,,,,,,,,,,,,,,,,,,,,,,,,,,,,,,,,,,,,,,,,,,4733.0,,District,K4,8.0,Public school district,,,0.098,65.7,64.4,66.9,64.1,56.5,71.7,68.1,22.2,69.8,80.8,,93.7,85.4,87.4,,94.2,61.6,66.1,,,,,,,,,,,,,,,,,,,,,,,,973.0,0.969,0.969,SwD,0.933,SwD,0.933,0.522,0.516,0.511,0.533,0.476,0.517,0.496,0.527,46,50.3
2024-25,2296,,,Greendale,80.3,Exceeds Expectations,,,,,0.0,0.056,0.026,0.182,0.0,0.673,0.063,0.128,0.27,,0.0,0.018,,,,,,,,,,,,,,,,,,,,,,,,,,,,,,,,,,63.9,65.6,,66,66,,,,,,91.9,,,,,,,,,,,,,,,,,,,,,,,,,,,,,,,,,0.303,0.197,,0.25,,,,,,,,,,,,,,,,,,,,,,,,,,,K-12,1,,Greendale,,,,0.053,,,,,,,,,,,,,80.2,64.7,69.3,,,,,,,0.25,,,,,,,,,,,,,,,,,,,,,,,,,,,861,264,0.307,27,0.031,11,0.013,15,0.017,105,0.122,0,0,297,0.345,108,0.125,267180.0,54170.0,0.203,71063.0,0.266,14749.0,0.055,21267.0,0.08,72036.0,0.27,1028.0,0.004,48831.0,0.183,4833.0,0.018,,2966.0,,District,K4,12.0,Public school district,,,0.11,80.8,79.3,82.2,74.6,71.7,77.4,73.0,38.0,69.8,83.5,88.5,,91.3,92.5,92.9,,85.2,85.8,,,,,,,,,,,,,,,289,0.336,398,0.462,116460.0,0.436,110282.0,0.413,,2546.0,0.99,0.992,SwD,0.953,SwD,0.953,0.64,0.5,0.65,0.511,0.681,0.505,0.687,0.513,65.8,50.3
2024-25,2303,,,Greenfield,68.2,Meets Expectations,,,,,0.004,0.091,0.053,0.327,0.002,0.449,0.075,0.129,0.551,,0.002,0.03,,,,,,,,,,,,,,,,,,,,,,,,,,,,,,,,,,63.9,65.6,,66,66,,,,,,91.9,,,,,,,,,,,,,,,,,,,,,,,,,,,,,,,,,0.116,0.384,,0.25,,,,,,,,,,,,,,,,,,,,,,,,,,,K-12,1,,Greenfield,,,,0.087,,,,,,,,,,,,,80.2,64.7,69.3,,,,,,,0.25,,,,,,,,,,,,,,,,,,,,,,,,,,,1086,269,0.248,49,0.045,0,0,15,0.014,380,0.35,0,0,169,0.156,20,0.018,267180.0,54170.0,0.203,71063.0,0.266,14749.0,0.055,21267.0,0.08,72036.0,0.27,1028.0,0.004,48831.0,0.183,4833.0,0.018,,5609.0,,District,K4,12.0,Public school district,,,0.114,57.1,57.7,56.5,64.1,62.2,66.0,64.2,21.8,67.9,77.4,89.1,,83.6,84.9,93.2,,63.5,59.6,,,,,,,,,,,,,,,298,0.274,506,0.466,116460.0,0.436,110282.0,0.413,,3380.0,0.977,0.976,SwD,0.941,SwD,0.941,0.435,0.5,0.411,0.511,0.44,0.505,0.424,0.513,50,50.3
2024-25,1897,,,Maple Dale-Indian Hill,91.8,Significantly Exceeds Expectations,,,,,0.0,0.063,0.076,0.094,0.0,0.694,0.074,0.168,0.114,,0.002,0.025,,,,,,,,,,,,,,,,,,,,,,,,,,,,,,,,,,64.9,68.5,,66,66,,,,,,,93.5,,,,,,,,,,,,,,,,,,,,,,,,,,,,,,,,0.407,0.093,,0.25,,,,,,,,,,,,,,,,,,,,,,,,,,,K-8,1,,Fox Point,,,,0.036,,,,,,,,,,,,,82.5,64.7,69.3,,,,,,,0.25,,,,,,,,,,,,,,,,,,,,,,,,,,,,,,,,,,,,,,,,,,,,,,,,,,,,,,,,,,,,,,4732.0,,District,K4,8.0,Public school district,,,0.072,93.2,89.8,96.5,83.1,81.2,85.0,90.1,51.9,80.3,89.0,,93.9,94.5,92.1,,95.1,96.5,99.9,,,,,,,,,,,,,,,,,,,,,,,,447.0,0.996,0.996,SwD,0.977,SwD,0.977,0.761,0.516,0.776,0.533,0.764,0.517,0.807,0.527,82.9,50.3
2024-25,3619,,,Milwaukee,59.5,Meets Few Expectations,,,,,0.003,0.093,0.483,0.289,0.001,0.087,0.044,0.202,0.808,,0.052,0.051,,,,,,,,,,,,,,,,,,,,,,,,,,,,,,,,,,63.9,65.6,,66,66,,,,,,91.9,,,,,,,,,,,,,,,,,,,,,,,,,,,,,,,,,0.05,0.45,,0.25,,,,,,,,,,,,,,,,,,,,,,,,,,,K-12,1,,Milwaukee,,,,0.175,,,,,,,,,,,,,80.2,64.7,69.3,,,,,,,0.25,,,,,,,,,,,,,,,,,,,,,,,,,,,19078,1029,0.054,294,0.015,174,0.009,397,0.021,1482,0.078,4,0,495,0.026,2,0,267180.0,54170.0,0.203,71063.0,0.266,14749.0,0.055,21267.0,0.08,72036.0,0.27,1028.0,0.004,48831.0,0.183,4833.0,0.018,"This district contains one or more schools reported as detention facilities as indicated in Wis. Stat. 115.385(1g)(f) with at least 50% of students enrolled for less than an entire school term. As a result, the following schools are excluded from this district report card: Milwaukee County Youth Education Center.",4387.0,,District,K4,12.0,Public school district,,,0.034,35.0,37.8,32.2,67.9,73.6,62.2,53.9,13.5,74.6,43.0,73.7,,54.7,48.7,70.8,,34.8,33.9,,,,,,,,,,,,,,,1731,0.091,1953,0.102,116460.0,0.436,110282.0,0.413,,65550.0,0.892,0.897,Amer Indian,0.831,Amer Indian,0.824,0.238,0.5,0.189,0.511,0.241,0.505,0.196,0.513,21.7,50.3
2024-25,4018,,,Oak Creek-Franklin Joint,71.6,Exceeds Expectations,,,,,0.003,0.082,0.056,0.188,0.0,0.609,0.062,0.12,0.343,,0.002,0.046,,,,,,,,,,,,,,,,,,,,,,,,,,,,,,,,,,63.9,65.6,,66,66,,,,,,91.9,,,,,,,,,,,,,,,,,,,,,,,,,,,,,,,,,0.255,0.245,,0.25,,,,,,,,,,,,,,,,,,,,,,,,,,,K-12,1,,Oak Creek,,,,0.083,,,,,,,,,,,,,80.2,64.7,69.3,,,,,,,0.25,,,,,,,,,,,,,,,,,,,,,,,,,,,2151,470,0.219,1117,0.519,481,0.224,82,0.038,641,0.298,0,0,340,0.158,72,0.033,267180.0,54170.0,0.203,71063.0,0.266,14749.0,0.055,21267.0,0.08,72036.0,0.27,1028.0,0.004,48831.0,0.183,4833.0,0.018,,3545.0,,District,K4,12.0,Public school district,,,0.132,71.2,69.4,73.0,63.2,62.2,64.1,63.1,30.4,62.2,76.1,94.0,,88.9,85.7,96.8,,74.5,84.0,,,,,,,,,,,,,,,1461,0.679,894,0.416,116460.0,0.436,110282.0,0.413,,6554.0,0.98,0.98,SwD,0.943,SwD,0.943,0.567,0.5,0.577,0.511,0.56,0.505,0.584,0.513,63.4,50.3
2024-25,5026,,,Saint Francis,66.0,Meets Expectations,,,,,0.01,0.028,0.087,0.341,0.0,0.462,0.072,0.132,0.486,,0.001,0.028,,,,,,,,,,,,,,,,,,,,,,,,,,,,,,,,,,63.9,65.6,,66,66,,,,,,91.9,,,,,,,,,,,,,,,,,,,,,,,,,,,,,,,,,0.159,0.341,,0.25,,,,,,,,,,,,,,,,,,,,,,,,,,,K-12,1,,Saint Francis,,,,0.078,,,,,,,,,,,,,80.2,64.7,69.3,,,,,,,0.25,,,,,,,,,,,,,,,,,,,,,,,,,,,540,60,0.111,58,0.107,24,0.044,10,0.019,203,0.376,0,0,62,0.115,0,0,267180.0,54170.0,0.203,71063.0,0.266,14749.0,0.055,21267.0,0.08,72036.0,0.27,1028.0,0.004,48831.0,0.183,4833.0,0.018,,5696.0,,District,K4,12.0,Public school district,,,0.425,56.5,56.3,56.7,56.5,47.0,66.0,68.3,23.0,73.6,68.8,92.8,,82.5,76.4,94.4,,79.1,62.7,,,,,,,,,,,,,,,122,0.226,247,0.457,116460.0,0.436,110282.0,0.413,,1106.0,0.984,0.986,SwD,0.945,SwD,0.955,0.427,0.5,0.47,0.511,0.385,0.505,0.395,0.513,63,50.3
2024-25,5355,,,Shorewood,82.8,Exceeds Expectations,,,,,0.002,0.061,0.103,0.099,0.0,0.652,0.084,0.104,0.19,,0.002,0.018,,,,,,,,,,,,,,,,,,,,,,,,,,,,,,,,,,63.9,65.6,,66,66,,,,,,91.9,,,,,,,,,,,,,,,,,,,,,,,,,,,,,,,,,0.357,0.143,,0.25,,,,,,,,,,,,,,,,,,,,,,,,,,,K-12,1,,Shorewood,,,,0.049,,,,,,,,,,,,,80.2,64.7,69.3,,,,,,,0.25,,,,,,,,,,,,,,,,,,,,,,,,,,,637,245,0.385,26,0.041,0,0,0,0,225,0.353,0,0,213,0.334,91,0.143,267180.0,54170.0,0.203,71063.0,0.266,14749.0,0.055,21267.0,0.08,72036.0,0.27,1028.0,0.004,48831.0,0.183,4833.0,0.018,,4825.0,,District,K4,12.0,Public school district,,,0.123,86.2,87.0,85.3,75.5,81.2,69.8,76.3,42.9,72.7,69.3,98.8,,88.5,79.8,99.0,,85.1,84.4,,,,,,,,,,,,,,,247,0.388,450,0.706,116460.0,0.436,110282.0,0.413,,1916.0,0.99,0.99,Econ Disadv,0.979,SwD,0.976,0.71,0.5,0.705,0.511,0.745,0.505,0.707,0.513,70.1,50.3
2024-25,5439,,,South Milwaukee,56.2,Meets Few Expectations,,,,,0.002,0.013,0.068,0.292,0.0,0.547,0.078,0.18,0.514,,0.002,0.039,,,,,,,,,,,,,,,,,,,,,,,,,,,,,,,,,,63.9,65.6,,66,66,,,,,,91.9,,,,,,,,,,,,,,,,,,,,,,,,,,,,,,,,,0.141,0.359,,0.25,,,,,,,,,,,,,,,,,,,,,,,,,,,K-12,1,,South Milwaukee,,,,0.061,,,,,,,,,,,,,80.2,64.7,69.3,,,,,,,0.25,,,,,,,,,,,,,,,,,,,,,,,,,,,951,233,0.245,224,0.236,161,0.169,40,0.042,336,0.353,0,0,185,0.195,16,0.017,267180.0,54170.0,0.203,71063.0,0.266,14749.0,0.055,21267.0,0.08,72036.0,0.27,1028.0,0.004,48831.0,0.183,4833.0,0.018,,3672.0,,District,K4,12.0,Public school district,,,0.136,51.1,50.9,51.2,48.0,43.2,52.7,47.8,16.4,55.6,60.4,92.6,,79.1,74.9,93.4,,66.2,51.6,,,,,,,,,,,,,,,465,0.489,465,0.489,116460.0,0.436,110282.0,0.413,,2686.0,0.982,0.983,EL,0.965,SwD,0.967,0.367,0.5,0.37,0.511,0.369,0.505,0.345,0.513,53.8,50.3
2024-25,6244,,,Wauwatosa,75.3,Exceeds Expectations,,,,,0.002,0.04,0.185,0.094,0.0,0.591,0.087,0.147,0.244,,0.009,0.018,,,,,,,,,,,,,,,,,,,,,,,,,,,,,,,,,,63.9,65.6,,66,66,,,,,,91.9,,,,,,,,,,,,,,,,,,,,,,,,,,,,,,,,,0.321,0.179,,0.25,,,,,,,,,,,,,,,,,,,,,,,,,,,K-12,1,,Wauwatosa,,,,0.021,,,,,,,,,,,,,80.2,64.7,69.3,,,,,,,0.25,,,,,,,,,,,,,,,,,,,,,,,,,,,2135,1210,0.567,63,0.03,43,0.02,14,0.007,597,0.28,0,0,448,0.21,141,0.066,267180.0,54170.0,0.203,71063.0,0.266,14749.0,0.055,21267.0,0.08,72036.0,0.27,1028.0,0.004,48831.0,0.183,4833.0,0.018,"This district contains one or more schools reported as detention facilities as indicated in Wis. Stat. 115.385(1g)(f) with at least 50% of students enrolled for less than an entire school term. As a result, the following schools are excluded from this district report card: Vel R Phillips School.",5495.0,,District,K4,12.0,Public school district,,,0.16,75.1,74.9,75.3,71.7,69.8,73.6,66.6,33.9,67.0,72.5,90.0,,87.0,85.3,93.8,,75.6,77.7,,,,,,,,,,,,,,,1240,0.581,1019,0.477,116460.0,0.436,110282.0,0.413,,6565.0,0.979,0.979,SwD,0.941,SwD,0.942,0.614,0.5,0.6,0.511,0.616,0.505,0.613,0.513,60,50.3
2024-25,6300,,,West Allis-West Milwaukee,70.3,Meets Expectations,,,,,0.007,0.029,0.121,0.317,0.001,0.429,0.096,0.183,0.677,,0.006,0.045,,,,,,,,,,,,,,,,,,,,,,,,,,,,,,,,,,63.9,65.6,,66,66,,,,,,91.9,,,,,,,,,,,,,,,,,,,,,,,,,,,,,,,,,0.05,0.45,,0.25,,,,,,,,,,,,,,,,,,,,,,,,,,,K-12,1,,West Allis,,,,0.065,,,,,,,,,,,,,80.2,64.7,69.3,,,,,,,0.25,,,,,,,,,,,,,,,,,,,,,,,,,,,2404,490,0.204,0,0,31,0.013,10,0.004,562,0.234,0,0,271,0.113,0,0,267180.0,54170.0,0.203,71063.0,0.266,14749.0,0.055,21267.0,0.08,72036.0,0.27,1028.0,0.004,48831.0,0.183,4833.0,0.018,,5553.0,,District,K4,12.0,Public school district,,,0.068,50.7,53.8,47.6,71.7,77.4,66.0,66.0,17.8,76.4,65.2,85.3,,76.1,76.4,87.9,,48.6,55.6,,,,,,,,,,,,,,,522,0.217,797,0.332,116460.0,0.436,110282.0,0.413,,6615.0,0.973,0.975,Amer Indian,0.929,Amer Indian,0.929,0.377,0.5,0.32,0.511,0.398,0.505,0.328,0.513,32.2,50.3
2024-25,6419,,,Whitefish Bay,97.5,Significantly Exceeds Expectations,,,,,0.001,0.054,0.043,0.061,0.001,0.757,0.083,0.126,0.011,,0.0,0.009,,,,,,,,,,,,,,,,,,,,,,,,,,,,,,,,,,63.9,65.6,,66,66,,,,,,91.9,,,,,,,,,,,,,,,,,,,,,,,,,,,,,,,,,0.45,0.05,,0.25,,,,,,,,,,,,,,,,,,,,,,,,,,,K-12,1,,Whitefish Bay,,,,0.022,,,,,,,,,,,,,80.2,64.7,69.3,,,,,,,0.25,,,,,,,,,,,,,,,,,,,,,,,,,,,910,407,0.447,0,0,50,0.055,0,0,325,0.357,0,0,226,0.248,0,0,267180.0,54170.0,0.203,71063.0,0.266,14749.0,0.055,21267.0,0.08,72036.0,0.27,1028.0,0.004,48831.0,0.183,4833.0,0.018,,5149.0,,District,K4,12.0,Public school district,,,0.0,97.9,96.9,98.9,92.6,90.7,94.5,97.8,63.7,82.2,92.2,97.6,,97.4,96.1,98.4,,96.7,99.7,,,,,,,,,,,,,,,450,0.495,501,0.551,116460.0,0.436,110282.0,0.413,,2861.0,0.984,0.985,SwD,0.913,SwD,0.922,0.85,0.5,0.852,0.511,0.851,0.505,0.831,0.513,81.5,50.3
2024-25,6470,,,Whitnall,78.6,Exceeds Expectations,,,,,0.002,0.041,0.045,0.189,0.0,0.659,0.064,0.146,0.283,,0.002,0.02,,,,,,,,,,,,,,,,,,,,,,,,,,,,,,,,,,63.9,65.6,,66,66,,,,,,91.9,,,,,,,,,,,,,,,,,,,,,,,,,,,,,,,,,0.295,0.205,,0.25,,,,,,,,,,,,,,,,,,,,,,,,,,,K-12,1,,Greenfield,,,,0.025,,,,,,,,,,,,,80.2,64.7,69.3,,,,,,,0.25,,,,,,,,,,,,,,,,,,,,,,,,,,,819,318,0.388,41,0.05,47,0.057,14,0.017,262,0.32,0,0,167,0.204,34,0.042,267180.0,54170.0,0.203,71063.0,0.266,14749.0,0.055,21267.0,0.08,72036.0,0.27,1028.0,0.004,48831.0,0.183,4833.0,0.018,,5610.0,,District,K4,12.0,Public school district,,,0.184,76.5,74.4,78.6,75.5,69.8,81.2,69.7,33.6,65.1,81.7,99.1,,92.4,90.2,99.0,,83.5,83.9,,,,,,,,,,,,,,,353,0.431,391,0.477,116460.0,0.436,110282.0,0.413,,2364.0,0.982,0.982,SwD,0.927,SwD,0.927,0.592,0.5,0.613,0.511,0.626,0.505,0.654,0.513,69.9,50.3
